Martins;htc-cmp502;4d_Grid-Problem1.grid;10000;39600;877;768;5026;5026;19;0.0023;0.07;218
Martins;htc-cmp502;4d_Grid-Problem1.grid;10000;39600;5317;5903;119492;119492;244;0.3321;0.74;706
Martins;htc-cmp502;4d_Grid-Problem1.grid;10000;39600;2475;2266;4543;4543;17;0.0021;0.05;211
Martins;htc-cmp502;4d_Grid-Problem1.grid;10000;39600;9037;8218;388991;388991;567;2.2654;2.49;1065
Martins;htc-cmp502;4d_Grid-Problem1.grid;10000;39600;8116;6807;143141;143141;531;0.3585;0.84;650
Martins;htc-cmp502;4d_Grid-Problem1.grid;10000;39600;8457;5853;1076892;1076892;478;17.7503;4.13;1357
Martins;htc-cmp502;4d_Grid-Problem1.grid;10000;39600;5629;6810;1080056;1080056;2803;21.3848;4.55;1329
Martins;htc-cmp502;4d_Grid-Problem1.grid;10000;39600;2461;559;270988;270988;107;1.3242;2.46;1184
Martins;htc-cmp502;4d_Grid-Problem1.grid;10000;39600;6830;9316;4179342;4179342;8775;226.1790;14.29;2127
Martins;htc-cmp502;4d_Grid-Problem1.grid;10000;39600;3701;5536;14610732;14610732;20385;2212.6494;42.36;2305
Martins;htc-cmp502;4d_Grid-Problem1.grid;10000;39600;8061;9523;17471222;17471222;11506;2759.6554;39.45;2867
Martins;htc-cmp502;4d_Grid-Problem1.grid;10000;39600;5624;6457;8893831;8893831;6944;868.7267;24.36;2735
Martins;htc-cmp502;4d_Grid-Problem1.grid;10000;39600;9067;9716;28085307;28085307;4174;5383.2756;62.52;3003
Martins;htc-cmp502;4d_Grid-Problem1.grid;10000;39600;1113;5231;22595080;22595080;53476;5852.2762;47.44;2101
Martins;htc-cmp502;4d_Grid-Problem1.grid;10000;39600;3236;3564;2404554;2404554;1220;50.2987;7.57;1786
Martins;htc-cmp502;4d_Grid-Problem1.grid;10000;39600;2343;1528;196123;196123;395;0.5367;0.91;747
Martins;htc-cmp502;4d_Grid-Problem1.grid;10000;39600;4162;4590;2204918;2204918;1131;41.0285;7.76;1781
Martins;htc-cmp502;4d_Grid-Problem1.grid;10000;39600;7043;8833;719363;719363;2768;6.4841;3.35;1273
Martins;htc-cmp502;4d_Grid-Problem1.grid;10000;39600;6112;8620;1714544;1714544;2291;49.2522;6.89;1471
Martins;htc-cmp502;4d_Grid-Problem1.grid;10000;39600;1946;4732;6846283;6846283;11192;582.4018;21.88;2365
Martins;htc-cmp502;4d_Grid-Problem1.grid;10000;39600;7760;9798;25095425;25095425;23631;4604.6531;55.74;3156
Martins;htc-cmp502;4d_Grid-Problem1.grid;10000;39600;8883;6145;22070575;22070575;38200;4490.7222;45.95;2189
Martins;htc-cmp502;4d_Grid-Problem1.grid;10000;39600;4452;4388;9756372;9756372;1468;743.5378;25.12;3139
Martins;htc-cmp502;4d_Grid-Problem1.grid;10000;39600;1712;6;294873;294873;339;1.1720;2.54;1099
Martins;htc-cmp502;4d_Grid-Problem1.grid;10000;39600;5563;3166;816149;816149;456;6.6086;4.21;1606
Martins;htc-cmp502;4d_Grid-Problem1.grid;10000;39600;3151;3120;4861386;4861386;663;221.5580;15.00;2406
Martins;htc-cmp502;4d_Grid-Problem1.grid;10000;39600;2923;5339;4175500;4175500;7043;195.0826;12.42;2130
Martins;htc-cmp502;4d_Grid-Problem1.grid;10000;39600;5042;4134;47972;47972;288;0.0461;0.33;522
Martins;htc-cmp502;4d_Grid-Problem1.grid;10000;39600;3950;5462;442191;442191;2102;2.3544;2.47;1370
Martins;htc-cmp502;4d_Grid-Problem1.grid;10000;39600;9341;8870;2212678;2212678;2558;58.4333;7.57;1452
Martins;htc-cmp502;4d_Grid-Problem1.grid;10000;39600;6546;6276;3381218;3381218;900;130.5150;10.31;2087
Martins;htc-cmp502;4d_Grid-Problem1.grid;10000;39600;7559;8887;5658690;5658690;7894;405.5053;18.07;2229
Martins;htc-cmp502;4d_Grid-Problem1.grid;10000;39600;5312;8417;3158617;3158617;775;97.1544;9.93;1686
Martins;htc-cmp502;4d_Grid-Problem1.grid;10000;39600;5902;6707;6034;6034;127;0.0042;0.07;150
Martins;htc-cmp502;4d_Grid-Problem1.grid;10000;39600;9643;6976;21479534;21479534;37015;4729.3473;50.54;2626
Martins;htc-cmp502;4d_Grid-Problem1.grid;10000;39600;3438;2025;504181;504181;1269;3.1482;2.65;1206
Martins;htc-cmp502;4d_Grid-Problem2.grid;10000;39600;3989;5197;65328;65328;374;0.0750;0.46;632
Martins;htc-cmp502;4d_Grid-Problem2.grid;10000;39600;5859;4670;211757;211757;1248;0.6988;1.12;793
Martins;htc-cmp502;4d_Grid-Problem2.grid;10000;39600;8725;9357;3967133;3967133;1709;250.4283;11.10;1547
Martins;htc-cmp502;4d_Grid-Problem1.grid;10000;39600;4301;7804;4124102;4124102;2888;295.4894;13.89;1416
Martins;htc-cmp502;4d_Grid-Problem2.grid;10000;39600;9536;7863;5335900;5335900;11316;398.8058;16.46;1730
Martins;htc-cmp502;4d_Grid-Problem1.grid;10000;39600;8019;5239;6863876;6863876;12965;665.9211;18.41;1844
Martins;htc-cmp502;4d_Grid-Problem2.grid;10000;39600;67;4057;11439142;11439142;4747;1349.6681;26.23;2177
Martins;htc-cmp502;4d_Grid-Problem2.grid;10000;39600;4240;5850;391866;391866;2175;2.0138;1.95;983
Martins;htc-cmp502;4d_Grid-Problem2.grid;10000;39600;9045;8420;851377;851377;858;7.2256;3.42;1136
Martins;htc-cmp502;4d_Grid-Problem2.grid;10000;39600;8181;5583;1396909;1396909;867;20.4882;4.84;1266
Martins;htc-cmp502;4d_Grid-Problem2.grid;10000;39600;4973;8475;5995876;5995876;1015;312.1732;23.48;3006
Martins;htc-cmp502;4d_Grid-Problem2.grid;10000;39600;8436;8272;5671223;5671223;516;281.2286;16.53;2168
Martins;htc-cmp502;4d_Grid-Problem2.grid;10000;39600;69;2655;2238257;2238257;3901;63.5471;8.35;1391
Martins;htc-cmp502;4d_Grid-Problem2.grid;10000;39600;4258;7670;14806191;14806191;9746;1800.6669;41.31;3284
Martins;htc-cmp502;4d_Grid-Problem2.grid;10000;39600;6003;6829;1093369;1093369;1970;16.9870;4.93;1083
Martins;htc-cmp502;4d_Grid-Problem2.grid;10000;39600;1028;1558;2796742;2796742;1254;77.8769;9.86;1621
Martins;htc-cmp502;4d_Grid-Problem2.grid;10000;39600;5805;5126;404889;404889;1357;2.5503;1.86;793
Martins;htc-cmp502;4d_Grid-Problem2.grid;10000;39600;4192;1596;767043;767043;839;6.9463;2.89;1022
Martins;htc-cmp502;4d_Grid-Problem2.grid;10000;39600;1748;2951;50476;50476;75;0.0614;0.48;625
Martins;htc-cmp502;4d_Grid-Problem2.grid;10000;39600;131;1220;55838;55838;938;0.0808;0.36;454
Martins;htc-cmp502;4d_Grid-Problem2.grid;10000;39600;8942;6664;3829551;3829551;6693;156.8040;11.89;1822
Martins;htc-cmp502;4d_Grid-Problem2.grid;10000;39600;506;1543;6427647;6427647;9101;878.5529;17.65;1362
Martins;htc-cmp502;4d_Grid-Problem2.grid;10000;39600;6666;3486;18841324;18841324;23250;2899.3633;53.84;3781
Martins;htc-cmp502;4d_Grid-Problem2.grid;10000;39600;5462;3430;25421004;25421004;27206;4442.5112;63.82;3804
Martins;htc-cmp502;4d_Grid-Problem2.grid;10000;39600;580;198;107679;107679;358;0.1915;0.62;625
Martins;htc-cmp502;4d_Grid-Problem2.grid;10000;39600;8461;6756;178780;178780;624;0.4704;0.89;800
Martins;htc-cmp502;4d_Grid-Problem2.grid;10000;39600;4858;4728;3110519;3110519;815;78.9594;10.68;2133
Martins;htc-cmp502;4d_Grid-Problem2.grid;10000;39600;6581;3274;4502416;4502416;1987;168.9711;14.45;2154
Martins;htc-cmp502;4d_Grid-Problem2.grid;10000;39600;8288;7856;2559200;2559200;1288;72.2872;8.62;1341
Martins;htc-cmp502;4d_Grid-Problem2.grid;10000;39600;9886;8247;7459313;7459313;25324;770.0739;19.05;1581
Martins;htc-cmp502;4d_Grid-Problem2.grid;10000;39600;3414;2637;1044605;1044605;1096;9.8690;4.30;1212
Martins;htc-cmp502;4d_Grid-Problem2.grid;10000;39600;5158;1261;20168899;20168899;5036;2474.3379;55.16;4643
Martins;htc-cmp502;4d_Grid-Problem2.grid;10000;39600;6556;4166;2484789;2484789;1771;77.2201;8.62;1586
Martins;htc-cmp502;4d_Grid-Problem2.grid;10000;39600;8150;7989;11694312;11694312;1151;1171.5551;37.23;3101
Martins;htc-cmp502;4d_Grid-Problem2.grid;10000;39600;8852;4867;15860529;15860529;10396;2392.9349;34.60;2858
Martins;htc-cmp502;4d_Grid-Problem3.grid;10000;39600;8201;8034;1955885;1955885;680;47.9257;7.99;1148
Martins;htc-cmp502;4d_Grid-Problem3.grid;10000;39600;7085;3269;15249241;15249241;10646;2204.1750;32.40;2458
Martins;htc-cmp502;4d_Grid-Problem2.grid;10000;39600;5732;4672;32353402;32353402;9336;6629.8962;76.24;3925
Martins;htc-cmp502;4d_Grid-Problem3.grid;10000;39600;560;3438;9574474;9574474;19580;1318.9342;27.79;1883
Martins;htc-cmp502;4d_Grid-Problem3.grid;10000;39600;1765;2270;3493;3493;46;0.0017;0.05;158
Martins;htc-cmp502;4d_Grid-Problem3.grid;10000;39600;4927;3140;733984;733984;1290;6.7894;3.10;1314
Martins;htc-cmp502;4d_Grid-Problem3.grid;10000;39600;9971;7779;674283;674283;1095;5.8031;2.97;937
Martins;htc-cmp502;4d_Grid-Problem3.grid;10000;39600;5286;5079;2566;2566;17;0.0011;0.05;199
Martins;htc-cmp502;4d_Grid-Problem3.grid;10000;39600;1670;1174;5186;5186;32;0.0025;0.07;202
Martins;htc-cmp502;4d_Grid-Problem3.grid;10000;39600;4407;1938;14111086;14111086;29504;2267.2950;35.41;2552
Martins;htc-cmp502;4d_Grid-Problem3.grid;10000;39600;633;1950;375237;375237;2566;2.4310;2.02;867
Martins;htc-cmp502;4d_Grid-Problem3.grid;10000;39600;8728;4607;27484666;27484666;31663;7129.7790;59.09;2697
Martins;htc-cmp502;4d_Grid-Problem3.grid;10000;39600;7420;5967;30448934;30448934;18830;6608.6276;64.24;3041
Martins;htc-cmp502;4d_Grid-Problem3.grid;10000;39600;6042;1955;32546175;32546175;13561;5918.8945;78.27;4560
Martins;htc-cmp502;4d_Grid-Problem3.grid;10000;39600;8760;6825;12859218;12859218;18069;1736.5245;33.14;2584
Martins;htc-cmp502;4d_Grid-Problem3.grid;10000;39600;6939;8135;37486;37486;97;0.0328;0.24;402
Martins;htc-cmp502;4d_Grid-Problem3.grid;10000;39600;3926;4851;2057858;2057858;1355;46.5694;6.83;1615
Martins;htc-cmp502;4d_Grid-Problem3.grid;10000;39600;3043;6447;6769102;6769102;2148;409.0056;19.08;2532
Martins;htc-cmp502;4d_Grid-Problem3.grid;10000;39600;2358;5863;7233422;7233422;2042;560.3885;27.05;2947
Martins;htc-cmp502;4d_Grid-Problem3.grid;10000;39600;2552;4720;22477893;22477893;21852;4048.4879;52.86;3421
Martins;htc-cmp502;4d_Grid-Problem3.grid;10000;39600;9747;6432;5831423;5831423;7602;439.3739;18.91;1844
Martins;htc-cmp502;4d_Grid-Problem3.grid;10000;39600;3552;7053;8011160;8011160;1108;466.9938;27.44;3392
Martins;htc-cmp502;4d_Grid-Problem3.grid;10000;39600;5338;9745;32678558;32678558;6205;6836.1813;88.21;4418
Martins;htc-cmp502;4d_Grid-Problem3.grid;10000;39600;7194;8051;10923583;10923583;4973;1249.5763;25.11;2166
Martins;htc-cmp502;4d_Grid-Problem3.grid;10000;39600;4304;7428;11200194;11200194;17199;1542.0816;28.11;2462
Martins;htc-cmp502;4d_Grid-Problem3.grid;10000;39600;8576;5983;1556143;1556143;2155;27.7741;5.06;1508
Martins;htc-cmp502;4d_Grid-Problem3.grid;10000;39600;4589;79;29702106;29702106;15846;6699.3748;75.67;3551
Martins;htc-cmp502;4d_Grid-Problem3.grid;10000;39600;1757;2728;3953372;3953372;4214;181.4683;14.27;2081
Martins;htc-cmp502;4d_Grid-Problem3.grid;10000;39600;5520;5937;212632;212632;373;0.8918;0.91;833
Martins;htc-cmp502;4d_Grid-Problem3.grid;10000;39600;3525;852;23154033;23154033;18706;4683.0042;60.96;3610
Martins;htc-cmp502;4d_Grid-Problem3.grid;10000;39600;7647;9423;5818511;5818511;10943;374.7950;18.44;2291
Martins;htc-cmp502;4d_Grid-Problem3.grid;10000;39600;9184;9671;47948;47948;274;0.0461;0.36;448
Martins;htc-cmp502;4d_Grid-Problem3.grid;10000;39600;4324;7524;4840874;4840874;1262;286.0282;15.87;2620
Martins;htc-cmp502;4d_Grid-Problem3.grid;10000;39600;8461;8043;163893;163893;124;0.3434;0.93;754
Martins;htc-cmp502;4d_Grid-Problem3.grid;10000;39600;3259;6451;7863578;7863578;5637;567.0571;23.29;2979
Martins;htc-cmp502;4d_Grid-Problem3.grid;10000;39600;6461;5042;1528754;1528754;3266;29.2763;5.85;1618
Martins;htc-cmp502;4d_Grid-Problem3.grid;10000;39600;9133;6230;1892370;1892370;560;40.4547;6.63;1534
Martins;htc-cmp502;4d_Grid-Problem3.grid;10000;39600;1350;51;39070;39070;35;0.0334;0.39;567
Martins;htc-cmp502;4d_Grid-Problem3.grid;10000;39600;6374;7559;404119;404119;1397;1.9560;2.33;1132
Martins;htc-cmp502;4d_Grid-Problem3.grid;10000;39600;5243;6040;8418;8418;71;0.0045;0.06;220
Martins;htc-cmp502;4d_Grid-Problem3.grid;10000;39600;1704;1241;4683496;4683496;3833;236.6244;14.07;1607
Martins;htc-cmp502;4d_Grid-Problem3.grid;10000;39600;7259;5681;4074533;4074533;10723;178.8607;14.28;2147
Martins;htc-cmp502;4d_Grid-Problem3.grid;10000;39600;5278;5063;63524;63524;120;0.0962;0.38;561
Martins;htc-cmp502;4d_Grid-Problem3.grid;10000;39600;8394;7047;20206426;20206426;14670;4690.2614;44.27;2244
Martins;htc-cmp502;4d_Grid-Problem3.grid;10000;39600;5161;9759;35270212;35270212;4792;6577.8536;80.65;4761
Martins;htc-cmp502;4d_Grid-Problem3.grid;10000;39600;7430;3712;25910418;25910418;18191;5170.2927;57.28;3163
Martins;htc-cmp502;4d_Grid-Problem4.grid;10000;39600;4137;1957;6641100;6641100;13154;504.9702;26.52;2915
Martins;htc-cmp502;4d_Grid-Problem4.grid;10000;39600;1634;4228;2403869;2403869;1407;52.6251;8.23;1507
Martins;htc-cmp502;4d_Grid-Problem4.grid;10000;39600;9931;9871;5970180;5970180;2103;451.0933;15.32;1807
Martins;htc-cmp502;4d_Grid-Problem4.grid;10000;39600;9608;9933;626731;626731;1044;7.8316;2.52;564
Martins;htc-cmp502;4d_Grid-Problem4.grid;10000;39600;7701;7801;20;20;1;0.0000;0.01;10
Martins;htc-cmp502;4d_Grid-Problem4.grid;10000;39600;9576;9769;3446;3446;22;0.0014;0.03;131
Martins;htc-cmp502;4d_Grid-Problem4.grid;10000;39600;6132;3956;8606454;8606454;12960;713.2292;25.30;2880
Martins;htc-cmp502;4d_Grid-Problem4.grid;10000;39600;5625;8937;8432527;8432527;5760;713.0867;24.99;2614
Martins;htc-cmp502;4d_Grid-Problem4.grid;10000;39600;7375;5564;583712;583712;1530;4.1650;2.54;1179
Martins;htc-cmp502;4d_Grid-Problem4.grid;10000;39600;5838;3441;913930;913930;645;8.5235;5.15;1834
Martins;htc-cmp502;4d_Grid-Problem4.grid;10000;39600;5013;1432;20818963;20818963;20501;3923.1088;45.01;2552
Martins;htc-cmp502;4d_Grid-Problem4.grid;10000;39600;7039;8812;10082587;10082587;15817;884.8562;30.78;3051
Martins;htc-cmp502;4d_Grid-Problem4.grid;10000;39600;4670;952;32024158;32024158;27148;6620.5306;84.25;3853
Martins;htc-cmp502;4d_Grid-Problem4.grid;10000;39600;5774;4779;16520;16520;86;0.0110;0.14;341
Martins;htc-cmp502;4d_Grid-Problem4.grid;10000;39600;6433;8171;22182763;22182763;15728;3337.8533;55.99;3732
Martins;htc-cmp502;4d_Grid-Problem4.grid;10000;39600;4208;7308;3357967;3357967;1408;136.0018;10.63;1579
Martins;htc-cmp502;4d_Grid-Problem4.grid;10000;39600;516;2802;1393672;1393672;7588;28.5961;5.23;908
Martins;htc-cmp502;4d_Grid-Problem4.grid;10000;39600;1739;339;54018;54018;128;0.0664;0.30;443
Martins;htc-cmp502;4d_Grid-Problem4.grid;10000;39600;4196;1775;5335203;5335203;12788;394.4793;15.97;1678
Martins;htc-cmp502;4d_Grid-Problem4.grid;10000;39600;2392;2576;105233;105233;202;0.1745;0.86;647
Martins;htc-cmp502;4d_Grid-Problem4.grid;10000;39600;156;144;10704;10704;26;0.0069;0.11;210
Martins;htc-cmp502;4d_Grid-Problem4.grid;10000;39600;4018;2729;198191;198191;804;0.5541;1.03;821
Martins;htc-cmp502;4d_Grid-Problem4.grid;10000;39600;3268;1658;373064;373064;2170;2.2275;2.04;993
Martins;htc-cmp502;4d_Grid-Problem4.grid;10000;39600;1971;1165;18433;18433;99;0.0125;0.18;390
Martins;htc-cmp502;4d_Grid-Problem4.grid;10000;39600;7829;9954;6893686;6893686;12442;493.3138;20.82;2448
Martins;htc-cmp502;4d_Grid-Problem4.grid;10000;39600;9362;6846;2505208;2505208;10061;79.1782;7.95;1247
Martins;htc-cmp502;4d_Grid-Problem4.grid;10000;39600;2877;1692;456878;456878;1427;2.4306;2.44;1143
Martins;htc-cmp502;4d_Grid-Problem4.grid;10000;39600;4058;2631;4586304;4586304;7030;222.1303;15.84;2420
Martins;htc-cmp502;4d_Grid-Problem4.grid;10000;39600;7160;2771;32300569;32300569;13322;6021.4826;81.14;4285
Martins;htc-cmp502;4d_Grid-Problem4.grid;10000;39600;519;537;142929;142929;100;0.2867;0.57;530
Martins;htc-cmp502;4d_Grid-Problem4.grid;10000;39600;6412;3738;13809260;13809260;20152;1827.5339;37.28;2482
Martins;htc-cmp502;4d_Grid-Problem4.grid;10000;39600;1464;3453;904910;904910;2346;9.5682;4.11;1318
Martins;htc-cmp502;4d_Grid-Problem4.grid;10000;39600;2998;2687;10795;10795;55;0.0070;0.09;175
Martins;htc-cmp502;4d_Grid-Problem4.grid;10000;39600;9731;7149;2641754;2641754;7384;94.4723;8.35;1258
Martins;htc-cmp502;4d_Grid-Problem4.grid;10000;39600;5751;5830;322407;322407;412;1.1972;2.00;1022
Martins;htc-cmp502;4d_Grid-Problem4.grid;10000;39600;3710;1640;12638711;12638711;22187;1584.5668;32.16;2407
Martins;htc-cmp502;4d_Grid-Problem5.grid;10000;39600;7002;8718;565950;565950;1727;4.4987;2.16;763
Martins;htc-cmp502;4d_Grid-Problem5.grid;10000;39600;6252;5956;622;622;15;0.0002;0.02;80
Martins;htc-cmp502;4d_Grid-Problem5.grid;10000;39600;3970;1972;350993;350993;293;1.1299;1.70;1204
Martins;htc-cmp502;4d_Grid-Problem5.grid;10000;39600;2134;2713;549420;549420;1043;4.4202;2.59;1165
Martins;htc-cmp502;4d_Grid-Problem5.grid;10000;39600;8346;7435;87394;87394;426;0.1304;0.66;702
Martins;htc-cmp502;4d_Grid-Problem4.grid;10000;39600;7862;9693;13400600;13400600;24372;1741.0805;37.59;2809
Martins;htc-cmp502;4d_Grid-Problem5.grid;10000;39600;655;123;3393118;3393118;2299;167.8703;11.65;1431
Martins;htc-cmp502;4d_Grid-Problem5.grid;10000;39600;3705;1523;2596067;2596067;8227;95.2350;9.28;1318
Martins;htc-cmp502;4d_Grid-Problem5.grid;10000;39600;3652;2347;77756;77756;257;0.0889;0.42;558
Martins;htc-cmp502;4d_Grid-Problem5.grid;10000;39600;4439;2023;5467191;5467191;11948;300.4918;18.97;2725
Martins;htc-cmp502;4d_Grid-Problem5.grid;10000;39600;3633;2238;92843;92843;336;0.1400;0.58;608
Martins;htc-cmp502;4d_Grid-Problem5.grid;10000;39600;3605;311;4197380;4197380;2063;238.1344;12.76;1536
Martins;htc-cmp502;4d_Grid-Problem5.grid;10000;39600;8952;7349;101436;101436;114;0.1671;0.53;515
Martins;htc-cmp502;4d_Grid-Problem5.grid;10000;39600;1388;4575;2495400;2495400;2597;58.9103;6.95;1193
Martins;htc-cmp502;4d_Grid-Problem5.grid;10000;39600;9149;9994;28562804;28562804;6549;6519.8374;77.26;3558
Martins;htc-cmp502;4d_Grid-Problem5.grid;10000;39600;2612;7521;24670625;24670625;9481;4241.4624;49.36;2855
Martins;htc-cmp502;4d_Grid-Problem5.grid;10000;39600;5229;1925;5466929;5466929;2936;307.6455;21.00;3061
Martins;htc-cmp502;4d_Grid-Problem5.grid;10000;39600;84;1975;341460;341460;2390;2.5793;1.92;492
Martins;htc-cmp502;4d_Grid-Problem5.grid;10000;39600;4297;774;14897043;14897043;31526;2800.8470;43.99;2128
Martins;htc-cmp502;4d_Grid-Problem5.grid;10000;39600;3561;6053;1775022;1775022;2267;28.0820;7.71;1813
Martins;htc-cmp502;4d_Grid-Problem5.grid;10000;39600;115;3123;2195962;2195962;3190;66.5555;7.48;983
Martins;htc-cmp502;4d_Grid-Problem5.grid;10000;39600;6161;3044;13531379;13531379;11452;1608.2109;33.91;3084
Martins;htc-cmp502;4d_Grid-Problem5.grid;10000;39600;4337;1024;13178522;13178522;7887;1398.5934;40.77;3435
Martins;htc-cmp502;4d_Grid-Problem5.grid;10000;39600;5270;1653;22911776;22911776;16325;3630.5278;55.15;4092
Martins;htc-cmp502;4d_Grid-Problem5.grid;10000;39600;5030;3131;173736;173736;41;0.3387;0.93;945
Martins;htc-cmp502;4d_Grid-Problem5.grid;10000;39600;6131;3401;31308159;31308159;22338;6268.2450;72.36;3888
Martins;htc-cmp502;4d_Grid-Problem5.grid;10000;39600;1087;4298;3233725;3233725;7075;137.7161;9.81;1144
Martins;htc-cmp502;4d_Grid-Problem5.grid;10000;39600;6701;5827;1335551;1335551;3937;28.3883;4.97;1039
Martins;htc-cmp502;4d_Grid-Problem5.grid;10000;39600;305;1213;10218;10218;242;0.0080;0.07;181
Martins;htc-cmp502;4d_Grid-Problem5.grid;10000;39600;2250;2580;3167079;3167079;1032;112.1740;13.33;2189
Martins;htc-cmp502;4d_Grid-Problem5.grid;10000;39600;1334;826;9224;9224;77;0.0057;0.11;304
Martins;htc-cmp502;4d_Grid-Problem5.grid;10000;39600;2370;6762;25073288;25073288;6512;4563.0563;56.68;3310
Martins;htc-cmp502;4d_Grid-Problem5.grid;10000;39600;3564;3469;534;534;5;0.0002;0.01;79
Martins;htc-cmp502;4d_Grid-Problem5.grid;10000;39600;3942;4538;4417;4417;29;0.0024;0.06;186
Martins;htc-cmp502;4d_Grid-Problem5.grid;10000;39600;8805;5537;22386268;22386268;75286;4927.5923;47.90;1969
Martins;htc-cmp502;4d_Grid-Problem5.grid;10000;39600;5916;8731;6589528;6589528;11802;539.3528;18.18;2165
Martins;htc-cmp502;4d_Grid-Problem5.grid;10000;39600;6669;7551;464585;464585;571;2.5391;3.00;1540
Martins;htc-cmp502;4d_Grid-Problem5.grid;10000;39600;3968;2553;637456;637456;1425;4.3105;3.16;1383
Martins;htc-cmp502;4d_Grid-Problem5.grid;10000;39600;6530;8543;1470925;1470925;2923;21.6782;5.28;1631
Martins;htc-cmp502;4d_Grid-Problem5.grid;10000;39600;3341;5633;1907006;1907006;2536;37.2811;7.16;1697
Martins;htc-cmp502;4d_Grid-Problem5.grid;10000;39600;2239;827;475339;475339;2021;3.7506;2.76;1147
Martins;htc-cmp502;4d_Grid-Problem6.grid;10000;39600;7268;6857;35788;35788;56;0.0398;0.32;475
Martins;htc-cmp502;4d_Grid-Problem5.grid;10000;39600;4827;2100;18701476;18701476;25996;2672.3612;45.60;3166
Martins;htc-cmp502;4d_Grid-Problem5.grid;10000;39600;3618;3865;25860123;25860123;5683;3757.6636;55.24;3509
Martins;htc-cmp502;4d_Grid-Problem6.grid;10000;39600;7133;5809;2992417;2992417;7158;116.1039;10.27;1795
Martins;htc-cmp502;4d_Grid-Problem6.grid;10000;39600;8560;6859;148901;148901;252;0.2771;0.87;737
Martins;htc-cmp502;4d_Grid-Problem6.grid;10000;39600;620;664;11281583;11281583;4695;1618.8865;27.78;1780
Martins;htc-cmp502;4d_Grid-Problem6.grid;10000;39600;9558;7085;8671566;8671566;23731;913.5787;24.29;1989
Martins;htc-cmp502;4d_Grid-Problem5.grid;10000;39600;1444;3504;23330161;23330161;14083;4542.1548;58.61;3485
Martins;htc-cmp502;4d_Grid-Problem6.grid;10000;39600;3504;3714;10114;10114;77;0.0066;0.09;232
Martins;htc-cmp502;4d_Grid-Problem6.grid;10000;39600;3668;5765;565535;565535;264;2.9042;2.44;1206
Martins;htc-cmp502;4d_Grid-Problem6.grid;10000;39600;9376;9357;142761;142761;217;0.2836;0.70;605
Martins;htc-cmp502;4d_Grid-Problem6.grid;10000;39600;6619;5759;15014737;15014737;2797;2132.5481;39.09;2802
Martins;htc-cmp502;4d_Grid-Problem6.grid;10000;39600;5459;4737;913843;913843;699;8.9814;5.19;1692
Martins;htc-cmp502;4d_Grid-Problem6.grid;10000;39600;285;4685;7486879;7486879;3427;610.0127;16.30;1649
Martins;htc-cmp502;4d_Grid-Problem6.grid;10000;39600;3574;4741;9542111;9542111;4645;778.2725;26.59;3104
Martins;htc-cmp502;4d_Grid-Problem6.grid;10000;39600;812;621;6155;6155;21;0.0030;0.07;214
Martins;htc-cmp502;4d_Grid-Problem6.grid;10000;39600;1759;220;20733518;20733518;17708;3065.0888;51.31;3148
Martins;htc-cmp502;4d_Grid-Problem6.grid;10000;39600;6651;8439;972677;972677;1518;10.1205;4.30;1250
Martins;htc-cmp502;4d_Grid-Problem6.grid;10000;39600;271;739;2155973;2155973;1429;49.9842;8.40;1540
Martins;htc-cmp502;4d_Grid-Problem6.grid;10000;39600;2098;2978;447784;447784;1990;3.6782;1.98;628
Martins;htc-cmp502;4d_Grid-Problem6.grid;10000;39600;2469;6568;18310680;18310680;3148;2668.7474;50.26;3155
Martins;htc-cmp502;4d_Grid-Problem6.grid;10000;39600;4602;4600;62;62;3;0.0000;0.01;17
Martins;htc-cmp502;4d_Grid-Problem6.grid;10000;39600;3519;3039;547137;547137;627;3.4081;2.42;1067
Martins;htc-cmp502;4d_Grid-Problem6.grid;10000;39600;3851;5818;28759511;28759511;28606;5771.0326;71.32;4095
Martins;htc-cmp502;4d_Grid-Problem6.grid;10000;39600;9062;5166;12902505;12902505;2939;1900.5036;39.30;2316
Martins;htc-cmp502;4d_Grid-Problem6.grid;10000;39600;5846;5266;412282;412282;365;1.9572;1.99;1078
Martins;htc-cmp502;4d_Grid-Problem6.grid;10000;39600;9628;7510;1994135;1994135;5385;63.5144;7.83;1241
Martins;htc-cmp502;4d_Grid-Problem6.grid;10000;39600;8363;8394;2770931;2770931;976;68.8197;9.76;1755
Martins;htc-cmp502;4d_Grid-Problem6.grid;10000;39600;7428;6244;619988;619988;1990;5.1279;3.05;1308
Martins;htc-cmp502;4d_Grid-Problem6.grid;10000;39600;9966;9386;222003;222003;668;0.8214;1.15;617
Martins;htc-cmp502;4d_Grid-Problem6.grid;10000;39600;5828;2746;8727887;8727887;13733;671.8355;27.24;2837
Martins;htc-cmp502;4d_Grid-Problem6.grid;10000;39600;6848;5457;252004;252004;1602;1.1157;1.59;895
Martins;htc-cmp502;4d_Grid-Problem6.grid;10000;39600;2162;5237;22906980;22906980;33210;3728.0444;54.49;3371
Martins;htc-cmp502;4d_Grid-Problem6.grid;10000;39600;6956;7989;9954271;9954271;4242;957.6776;25.99;2797
Martins;htc-cmp502;4d_Grid-Problem6.grid;10000;39600;2970;4161;119155;119155;470;0.2261;0.72;723
Martins;htc-cmp502;4d_Grid-Problem6.grid;10000;39600;7589;8189;1679;1679;18;0.0007;0.02;120
Martins;htc-cmp502;4d_Grid-Problem6.grid;10000;39600;1073;2288;284347;284347;926;0.9928;1.28;897
Martins;htc-cmp502;4d_Grid-Problem6.grid;10000;39600;6127;7239;240905;240905;1216;0.8838;1.42;994
Martins;htc-cmp502;4d_Grid-Problem6.grid;10000;39600;3651;3948;728;728;14;0.0003;0.01;69
Martins;htc-cmp502;4d_Grid-Problem6.grid;10000;39600;8676;7833;17916120;17916120;11476;3063.7002;46.96;2448
Martins;htc-cmp502;4d_Grid-Problem6.grid;10000;39600;9446;7038;861626;861626;1323;8.2415;3.29;1081
Martins;htc-cmp502;4d_Grid-Problem6.grid;10000;39600;3428;3769;21171371;21171371;2672;3994.0701;67.63;3760
Martins;htc-cmp502;4d_Grid-Problem6.grid;10000;39600;698;864;2025123;2025123;1415;59.1544;6.63;988
Martins;htc-cmp502;4d_Grid-Problem6.grid;10000;39600;1223;4946;14957359;14957359;24399;2818.1429;34.12;2046
Martins;htc-cmp502;4d_Grid-Problem6.grid;10000;39600;4032;5208;2450849;2450849;4988;66.3843;8.79;1836
Martins;htc-cmp502;4d_Grid-Problem6.grid;10000;39600;6536;6946;22308;22308;80;0.0200;0.15;326
Martins;htc-cmp502;4d_Grid-Problem6.grid;10000;39600;4476;4684;2981;2981;11;0.0013;0.04;181
Martins;htc-cmp502;4d_Grid-Problem6.grid;10000;39600;6752;4066;5893126;5893126;8021;360.9773;20.39;2368
Martins;htc-cmp502;4d_Grid-Problem6.grid;10000;39600;2502;2009;5450;5450;58;0.0029;0.06;162
Martins;htc-cmp502;4d_Grid-Problem6.grid;10000;39600;600;943;6843559;6843559;3643;812.6397;17.61;1183
Martins;htc-cmp502;4d_Grid-Problem6.grid;10000;39600;1918;3610;253602;253602;432;1.0214;1.47;886
Martins;htc-cmp502;4d_Grid-Problem6.grid;10000;39600;4780;5960;1384575;1384575;3101;20.7759;6.36;1550
Martins;htc-cmp502;4d_Grid-Problem6.grid;10000;39600;5399;6358;13723179;13723179;16028;2064.4702;37.79;2464
Martins;htc-cmp502;4d_Grid-Problem6.grid;10000;39600;2258;5964;10375594;10375594;2769;903.3714;28.62;2864
Martins;htc-cmp502;4d_Grid-Problem7.grid;10000;39600;8839;7770;4780028;4780028;6966;281.8214;13.59;1869
Martins;htc-cmp502;4d_Grid-Problem7.grid;10000;39600;4950;4920;3398677;3398677;2238;146.2192;13.09;2457
Martins;htc-cmp502;4d_Grid-Problem7.grid;10000;39600;4858;956;13702736;13702736;3886;1344.0911;35.06;3241
Martins;htc-cmp502;4d_Grid-Problem6.grid;10000;39600;2150;2506;28446389;28446389;2682;5126.8481;53.82;3546
Martins;htc-cmp502;4d_Grid-Problem7.grid;10000;39600;2532;3857;3820759;3820759;4067;142.9552;12.88;2139
Martins;htc-cmp502;4d_Grid-Problem7.grid;10000;39600;8446;5145;3316447;3316447;876;113.4455;9.03;1744
Martins;htc-cmp502;4d_Grid-Problem7.grid;10000;39600;3125;4105;743447;743447;2117;6.0321;3.81;1317
Martins;htc-cmp502;4d_Grid-Problem7.grid;10000;39600;8478;7391;278010;278010;1049;1.0111;1.38;991
Martins;htc-cmp502;4d_Grid-Problem7.grid;10000;39600;365;3352;3996791;3996791;7723;188.6821;10.72;1562
Martins;htc-cmp502;4d_Grid-Problem7.grid;10000;39600;1015;1902;148062;148062;766;0.3235;0.73;612
Martins;htc-cmp502;4d_Grid-Problem7.grid;10000;39600;5958;7355;74973;74973;79;0.1018;0.55;650
Martins;htc-cmp502;4d_Grid-Problem7.grid;10000;39600;6276;6866;31401;31401;165;0.0291;0.33;515
Martins;htc-cmp502;4d_Grid-Problem7.grid;10000;39600;2961;4568;313496;313496;793;1.2004;1.70;944
Martins;htc-cmp502;4d_Grid-Problem7.grid;10000;39600;3211;4301;127099;127099;631;0.2892;0.81;739
Martins;htc-cmp502;4d_Grid-Problem7.grid;10000;39600;6386;2797;7273225;7273225;6908;535.9717;21.80;2382
Martins;htc-cmp502;4d_Grid-Problem6.grid;10000;39600;5883;9260;26719666;26719666;27507;6285.1664;66.89;3245
Martins;htc-cmp502;4d_Grid-Problem7.grid;10000;39600;2427;3237;61933;61933;403;0.0932;0.39;546
Martins;htc-cmp502;4d_Grid-Problem7.grid;10000;39600;2827;942;1487982;1487982;2250;21.7580;6.57;1756
Martins;htc-cmp502;4d_Grid-Problem7.grid;10000;39600;9306;9149;4866509;4866509;2767;383.4430;12.62;1236
Martins;htc-cmp502;4d_Grid-Problem7.grid;10000;39600;765;1766;8979;8979;37;0.0050;0.09;269
Martins;htc-cmp502;4d_Grid-Problem7.grid;10000;39600;6964;6569;2961;2961;45;0.0014;0.03;140
Martins;htc-cmp502;4d_Grid-Problem7.grid;10000;39600;8940;7078;22746890;22746890;35350;4939.0203;53.11;2666
Martins;htc-cmp502;4d_Grid-Problem7.grid;10000;39600;8509;8826;141015;141015;119;0.2649;0.80;568
Martins;htc-cmp502;4d_Grid-Problem7.grid;10000;39600;8475;5490;6713612;6713612;13789;513.1987;17.42;1913
Martins;htc-cmp502;4d_Grid-Problem7.grid;10000;39600;6876;6769;3101;3101;31;0.0015;0.03;132
Martins;htc-cmp502;4d_Grid-Problem7.grid;10000;39600;1618;5706;13195033;13195033;8347;1997.8773;31.76;2228
Martins;htc-cmp502;4d_Grid-Problem7.grid;10000;39600;4701;1202;5050948;5050948;734;308.0328;13.22;1810
Martins;htc-cmp502;4d_Grid-Problem7.grid;10000;39600;9081;6881;304356;304356;360;1.0151;1.63;837
Martins;htc-cmp502;4d_Grid-Problem7.grid;10000;39600;2282;5261;11179863;11179863;23862;1310.3658;26.90;2160
Martins;htc-cmp502;4d_Grid-Problem7.grid;10000;39600;1842;3068;2988423;2988423;4254;96.0422;9.33;1998
Martins;htc-cmp502;4d_Grid-Problem7.grid;10000;39600;6823;4239;6002869;6002869;2430;405.4602;17.51;2361
Martins;htc-cmp502;4d_Grid-Problem7.grid;10000;39600;3208;5742;20101838;20101838;35948;4714.5846;49.32;2630
Martins;htc-cmp502;4d_Grid-Problem7.grid;10000;39600;2025;3412;512591;512591;1083;2.8837;2.52;1252
Martins;htc-cmp502;4d_Grid-Problem7.grid;10000;39600;9608;4706;15824882;15824882;10072;3661.7600;38.98;1617
Martins;htc-cmp502;4d_Grid-Problem7.grid;10000;39600;5376;5172;272;272;6;0.0001;0.01;56
Martins;htc-cmp502;4d_Grid-Problem7.grid;10000;39600;9445;5953;6446505;6446505;4346;456.6141;18.36;2084
Martins;htc-cmp502;4d_Grid-Problem7.grid;10000;39600;4692;5866;1879319;1879319;4613;35.3797;5.80;1284
Martins;htc-cmp502;4d_Grid-Problem7.grid;10000;39600;3790;1064;12220302;12220302;23315;1679.8979;29.75;2345
Martins;htc-cmp502;4d_Grid-Problem7.grid;10000;39600;5536;7751;2402801;2402801;3768;62.5498;8.48;1935
Martins;htc-cmp502;4d_Grid-Problem7.grid;10000;39600;640;2508;8974927;8974927;11925;982.4102;25.61;2308
Martins;htc-cmp502;4d_Grid-Problem7.grid;10000;39600;7649;8724;2030434;2030434;4567;49.5257;8.08;1907
Martins;htc-cmp502;4d_Grid-Problem7.grid;10000;39600;7592;9790;225226;225226;439;0.7320;1.16;663
Martins;htc-cmp502;4d_Grid-Problem7.grid;10000;39600;3154;1069;2561010;2561010;3671;66.3890;10.36;2051
Martins;htc-cmp502;4d_Grid-Problem7.grid;10000;39600;552;559;2250;2250;8;0.0009;0.05;232
Martins;htc-cmp502;4d_Grid-Problem7.grid;10000;39600;1550;355;52929;52929;153;0.0511;0.55;740
Martins;htc-cmp502;4d_Grid-Problem7.grid;10000;39600;6234;8843;1897252;1897252;2722;39.7556;7.96;1949
Martins;htc-cmp502;4d_Grid-Problem7.grid;10000;39600;4775;6457;1788482;1788482;4734;31.0658;7.21;1852
Martins;htc-cmp502;4d_Grid-Problem8.grid;10000;39600;3965;5277;269949;269949;616;0.7886;1.33;899
Martins;htc-cmp502;4d_Grid-Problem8.grid;10000;39600;9199;8395;3431;3431;40;0.0017;0.04;126
Martins;htc-cmp502;4d_Grid-Problem7.grid;10000;39600;2288;250;16200847;16200847;31142;3031.9211;39.77;2202
Martins;htc-cmp502;4d_Grid-Problem8.grid;10000;39600;1478;2397;638790;638790;1501;5.2685;3.32;1015
Martins;htc-cmp502;4d_Grid-Problem7.grid;10000;39600;784;2842;21952903;21952903;36621;5885.5464;48.07;2230
Martins;htc-cmp502;4d_Grid-Problem8.grid;10000;39600;7349;6045;69296;69296;204;0.0708;0.47;605
Martins;htc-cmp502;4d_Grid-Problem7.grid;10000;39600;1954;4125;15137770;15137770;16151;2101.1741;34.03;2858
Martins;htc-cmp502;4d_Grid-Problem8.grid;10000;39600;6029;9840;15830537;15830537;3410;1687.4381;40.37;3501
Martins;htc-cmp502;4d_Grid-Problem8.grid;10000;39600;5794;7977;2591637;2591637;4012;99.5712;9.24;1285
Martins;htc-cmp502;4d_Grid-Problem8.grid;10000;39600;6622;7556;8183975;8183975;4501;651.1722;20.16;2525
Martins;htc-cmp502;4d_Grid-Problem8.grid;10000;39600;4951;6284;14597956;14597956;12127;1974.6807;45.15;3263
Martins;htc-cmp502;4d_Grid-Problem8.grid;10000;39600;1383;4057;8930257;8930257;27134;952.0101;20.70;1689
Martins;htc-cmp502;4d_Grid-Problem8.grid;10000;39600;5581;3290;1184664;1184664;769;13.1950;3.78;1398
Martins;htc-cmp502;4d_Grid-Problem8.grid;10000;39600;1014;5803;19113189;19113189;18008;4429.9925;38.32;2161
Martins;htc-cmp502;4d_Grid-Problem8.grid;10000;39600;4825;8747;29490707;29490707;21464;4964.7252;68.28;4054
Martins;htc-cmp502;4d_Grid-Problem8.grid;10000;39600;654;2242;390907;390907;2790;2.7969;1.80;782
Martins;htc-cmp502;4d_Grid-Problem8.grid;10000;39600;9339;6846;1321182;1321182;1358;25.0097;5.62;1168
Martins;htc-cmp502;4d_Grid-Problem8.grid;10000;39600;3840;7061;28402530;28402530;32909;5404.2252;68.85;4319
Martins;htc-cmp502;4d_Grid-Problem8.grid;10000;39600;6774;9965;5854572;5854572;3107;360.5027;17.22;2297
Martins;htc-cmp502;4d_Grid-Problem8.grid;10000;39600;7152;5276;5731183;5731183;10054;326.0678;21.16;2804
Martins;htc-cmp502;4d_Grid-Problem8.grid;10000;39600;7519;6867;24431318;24431318;8842;5307.2616;56.11;2774
Martins;htc-cmp502;4d_Grid-Problem8.grid;10000;39600;3240;4953;723142;723142;2698;7.6557;2.97;1266
Martins;htc-cmp502;4d_Grid-Problem8.grid;10000;39600;6438;7168;6212680;6212680;3222;346.5207;18.24;2503
Martins;htc-cmp502;4d_Grid-Problem8.grid;10000;39600;7332;4808;11971580;11971580;27640;1567.7958;32.64;2706
Martins;htc-cmp502;4d_Grid-Problem8.grid;10000;39600;2562;4738;10634089;10634089;15313;1005.6896;30.60;2575
Martins;htc-cmp502;4d_Grid-Problem8.grid;10000;39600;4188;2656;9218255;9218255;10943;939.3343;25.53;2339
Martins;htc-cmp502;4d_Grid-Problem8.grid;10000;39600;5195;8473;16732850;16732850;15793;2941.2967;43.88;2415
Martins;htc-cmp502;4d_Grid-Problem8.grid;10000;39600;4933;3013;3033372;3033372;5803;88.0447;9.53;1990
Martins;htc-cmp502;4d_Grid-Problem8.grid;10000;39600;3421;2232;212860;212860;1317;0.6156;1.18;825
Martins;htc-cmp502;4d_Grid-Problem8.grid;10000;39600;702;2103;18677;18677;73;0.0146;0.12;194
Martins;htc-cmp502;4d_Grid-Problem8.grid;10000;39600;2167;2634;6039449;6039449;593;308.3757;20.64;2615
Martins;htc-cmp502;4d_Grid-Problem8.grid;10000;39600;7727;5729;507187;507187;421;2.9820;2.19;1027
Martins;htc-cmp502;4d_Grid-Problem8.grid;10000;39600;9793;8897;5665;5665;106;0.0031;0.05;147
Martins;htc-cmp502;4d_Grid-Problem8.grid;10000;39600;5827;9944;33729731;33729731;13119;6300.6077;73.25;4137
Martins;htc-cmp502;4d_Grid-Problem8.grid;10000;39600;7241;9872;25648722;25648722;22622;4995.6387;62.87;3462
Martins;htc-cmp502;4d_Grid-Problem8.grid;10000;39600;2778;3762;618561;618561;1816;4.5196;3.87;1494
Martins;htc-cmp502;4d_Grid-Problem8.grid;10000;39600;7121;2415;29604928;29604928;8324;6546.3448;68.11;3225
Martins;htc-cmp502;4d_Grid-Problem8.grid;10000;39600;3778;1056;12897757;12897757;26535;1567.7890;33.24;2541
Martins;htc-cmp502;4d_Grid-Problem9.grid;10000;39600;3228;1334;594875;594875;827;4.2695;2.80;1234
Martins;htc-cmp502;4d_Grid-Problem9.grid;10000;39600;4457;4245;28371;28371;78;0.0256;0.16;389
Martins;htc-cmp502;4d_Grid-Problem8.grid;10000;39600;9702;9346;8339690;8339690;3888;1192.4051;22.00;1326
Martins;htc-cmp502;4d_Grid-Problem9.grid;10000;39600;8534;6028;1572504;1572504;1174;27.4194;4.73;1177
Martins;htc-cmp502;4d_Grid-Problem8.grid;10000;39600;9921;7261;23652424;23652424;51915;5704.2957;49.71;2061
Martins;htc-cmp502;4d_Grid-Problem9.grid;10000;39600;9111;9904;26877;26877;304;0.0254;0.21;342
Martins;htc-cmp502;4d_Grid-Problem8.grid;10000;39600;2878;6852;32380803;32380803;51359;6894.9717;63.24;3115
Martins;htc-cmp502;4d_Grid-Problem9.grid;10000;39600;8067;9162;36426;36426;86;0.0335;0.24;431
Martins;htc-cmp502;4d_Grid-Problem9.grid;10000;39600;1618;700;445152;445152;1741;2.7884;2.26;1005
Martins;htc-cmp502;4d_Grid-Problem9.grid;10000;39600;4615;1612;2604098;2604098;1084;74.3878;10.88;1961
Martins;htc-cmp502;4d_Grid-Problem9.grid;10000;39600;5669;6542;3632197;3632197;1915;150.0184;11.43;2141
Martins;htc-cmp502;4d_Grid-Problem9.grid;10000;39600;3003;4635;8354368;8354368;14652;1281.5689;22.03;1682
Martins;htc-cmp502;4d_Grid-Problem9.grid;10000;39600;8822;7161;16141783;16141783;36806;3398.2211;37.71;1973
Martins;htc-cmp502;4d_Grid-Problem9.grid;10000;39600;2419;2529;12575;12575;35;0.0068;0.12;347
Martins;htc-cmp502;4d_Grid-Problem9.grid;10000;39600;555;4338;22397893;22397893;19407;4920.1384;59.53;2763
Martins;htc-cmp502;4d_Grid-Problem9.grid;10000;39600;8104;8807;3208;3208;29;0.0015;0.05;173
Martins;htc-cmp502;4d_Grid-Problem9.grid;10000;39600;1750;617;7905529;7905529;4182;693.5817;21.95;2512
Martins;htc-cmp502;4d_Grid-Problem9.grid;10000;39600;1016;147;2059754;2059754;3871;54.0647;7.36;1265
Martins;htc-cmp502;4d_Grid-Problem9.grid;10000;39600;6818;7763;19830715;19830715;6661;3237.4706;41.79;2717
Martins;htc-cmp502;4d_Grid-Problem9.grid;10000;39600;982;5289;12597725;12597725;8289;1929.6067;29.33;1836
Martins;htc-cmp502;4d_Grid-Problem9.grid;10000;39600;2642;6141;8962158;8962158;1513;721.2920;28.54;2998
Martins;htc-cmp502;4d_Grid-Problem9.grid;10000;39600;4895;3578;473662;473662;2299;3.9457;1.92;702
Martins;htc-cmp502;4d_Grid-Problem9.grid;10000;39600;8783;8647;4338935;4338935;1713;217.4753;11.17;1354
Martins;htc-cmp502;4d_Grid-Problem9.grid;10000;39600;2801;5802;1483805;1483805;177;25.7159;5.40;1291
Martins;htc-cmp502;4d_Grid-Problem9.grid;10000;39600;4577;1196;22396099;22396099;22424;3536.9295;55.61;3444
Martins;htc-cmp502;4d_Grid-Problem9.grid;10000;39600;8682;4763;19728025;19728025;30389;4537.9699;44.03;2080
Martins;htc-cmp502;4d_Grid-Problem9.grid;10000;39600;6987;3592;6402489;6402489;3403;467.8570;17.40;1998
Martins;htc-cmp502;4d_Grid-Problem9.grid;10000;39600;2607;1008;81337;81337;139;0.1127;0.46;567
Martins;htc-cmp502;4d_Grid-Problem9.grid;10000;39600;6250;4065;3409156;3409156;5842;110.7111;11.50;2124
Martins;htc-cmp502;4d_Grid-Problem9.grid;10000;39600;5925;7915;971006;971006;1890;10.6834;4.52;1550
Martins;htc-cmp502;4d_Grid-Problem9.grid;10000;39600;2612;941;5213406;5213406;13219;361.5749;14.40;1618
Martins;htc-cmp502;4d_Grid-Problem9.grid;10000;39600;4036;3102;6961230;6961230;1822;441.4222;18.65;2717
Martins;htc-cmp502;4d_Grid-Problem9.grid;10000;39600;2815;1935;647415;647415;1326;5.3618;2.99;1048
Martins;htc-cmp502;4d_Grid-Problem9.grid;10000;39600;5123;7045;4835597;4835597;8912;300.0259;15.73;1967
Martins;htc-cmp502;4d_Grid-Problem9.grid;10000;39600;1171;2358;221239;221239;1301;0.7483;1.23;813
Martins;htc-cmp502;4d_Grid-Problem9.grid;10000;39600;5590;5450;11427305;11427305;3362;1442.3798;27.10;2044
Martins;htc-cmp502;4d_Grid-Problem9.grid;10000;39600;4725;6016;101555;101555;494;0.1614;0.70;735
Martins;htc-cmp502;4d_Grid-Problem9.grid;10000;39600;2875;1199;5654696;5654696;12647;359.8967;17.48;2041
Martins;htc-cmp502;4d_Grid-Problem9.grid;10000;39600;232;2863;20991025;20991025;67602;5588.6604;51.69;2122
Martins;htc-cmp502;4d_Grid-Problem9.grid;10000;39600;3860;950;5186255;5186255;6977;254.6979;17.02;2601
Martins;htc-cmp502;4d_Grid-Problem9.grid;10000;39600;3938;6633;1962963;1962963;986;46.8436;6.96;1678
Martins;htc-cmp502;4d_Grid-Problem9.grid;10000;39600;8954;8076;700249;700249;1045;5.0919;2.67;984
Martins;htc-cmp502;4d_Grid-Problem9.grid;10000;39600;826;1213;30296;30296;152;0.0242;0.19;413
Martins;htc-cmp502;4d_Grid-Problem9.grid;10000;39600;6459;7381;1910267;1910267;1348;33.1859;7.80;1970
Martins;htc-cmp502;4d_Grid-Problem9.grid;10000;39600;3077;3498;661618;661618;340;4.6461;4.59;1453
Martins;htc-cmp502;4d_Grid-Problem10.grid;10000;39600;4983;3953;5013408;5013408;7510;240.8159;16.84;2094
Martins;htc-cmp502;4d_Grid-Problem10.grid;10000;39600;6640;5566;3503407;3503407;3487;132.7105;12.51;2101
Martins;htc-cmp502;4d_Grid-Problem10.grid;10000;39600;3346;5058;725986;725986;1692;6.2708;4.18;1590
Martins;htc-cmp502;4d_Grid-Problem10.grid;10000;39600;4143;2855;366115;366115;918;1.8465;1.99;1134
Martins;htc-cmp502;4d_Grid-Problem10.grid;10000;39600;9962;8342;1234268;1234268;4127;19.3485;4.48;1087
Martins;htc-cmp502;4d_Grid-Problem10.grid;10000;39600;8525;5225;3268224;3268224;1083;124.9963;11.48;1799
Martins;htc-cmp502;4d_Grid-Problem9.grid;10000;39600;4578;2146;29837614;29837614;41777;6267.5237;65.55;3373
Martins;htc-cmp502;4d_Grid-Problem10.grid;10000;39600;2392;3665;2813993;2813993;4953;90.2379;8.48;1462
Martins;htc-cmp502;4d_Grid-Problem10.grid;10000;39600;2109;5126;5748554;5748554;9403;445.8385;14.43;1685
Martins;htc-cmp502;4d_Grid-Problem10.grid;10000;39600;5175;2880;1271605;1271605;1563;18.2169;5.24;1746
Martins;htc-cmp502;4d_Grid-Problem10.grid;10000;39600;2062;534;8749339;8749339;8493;698.0804;33.18;2776
Martins;htc-cmp502;4d_Grid-Problem10.grid;10000;39600;7209;6357;23720395;23720395;5637;5231.9099;51.23;2703
Martins;htc-cmp502;4d_Grid-Problem10.grid;10000;39600;4566;1652;8377265;8377265;6776;713.4495;23.60;2714
Martins;htc-cmp502;4d_Grid-Problem10.grid;10000;39600;7125;6770;21924649;21924649;5219;3673.7483;56.56;3229
Martins;htc-cmp502;4d_Grid-Problem10.grid;10000;39600;6004;2427;17779195;17779195;49377;3867.5679;45.50;2362
Martins;htc-cmp502;4d_Grid-Problem10.grid;10000;39600;2566;3438;3034705;3034705;2888;80.9637;9.70;2044
Martins;htc-cmp502;4d_Grid-Problem10.grid;10000;39600;4276;5298;1579995;1579995;2893;29.9240;7.11;1660
Martins;htc-cmp502;4d_Grid-Problem10.grid;10000;39600;6565;9979;16950413;16950413;10233;2149.1867;48.03;3416
Martins;htc-cmp502;4d_Grid-Problem10.grid;10000;39600;4746;7268;9313049;9313049;11124;877.4635;31.85;3027
Martins;htc-cmp502;4d_Grid-Problem10.grid;10000;39600;7743;7502;13638688;13638688;2717;1583.5705;35.44;2904
Martins;htc-cmp502;4d_Grid-Problem10.grid;10000;39600;1598;1880;104309;104309;150;0.1733;0.56;445
Martins;htc-cmp502;4d_Grid-Problem10.grid;10000;39600;1482;6590;27511794;27511794;9283;6103.9936;53.66;2459
Martins;htc-cmp502;4d_Grid-Problem10.grid;10000;39600;7842;8028;27865;27865;64;0.0207;0.28;503
Martins;htc-cmp502;4d_Grid-Problem10.grid;10000;39600;7665;7986;562024;562024;465;2.7546;2.58;1159
Martins;htc-cmp502;4d_Grid-Problem10.grid;10000;39600;5737;4104;11989399;11989399;14457;1091.5933;37.50;3523
Martins;htc-cmp502;4d_Grid-Problem10.grid;10000;39600;8083;4560;15441780;15441780;35111;3171.0264;36.50;2072
Martins;htc-cmp502;4d_Grid-Problem10.grid;10000;39600;8549;4931;19191017;19191017;23135;3031.2392;46.14;2823
Martins;htc-cmp502;4d_Grid-Problem10.grid;10000;39600;5313;9405;14017092;14017092;2047;1804.3306;37.46;2867
Martins;htc-cmp502;4d_Grid-Problem10.grid;10000;39600;7760;9533;10554512;10554512;12357;1231.2737;31.60;2660
Martins;htc-cmp502;4d_Grid-Problem10.grid;10000;39600;8668;9166;1170;1170;15;0.0005;0.02;87
Martins;htc-cmp502;4d_Grid-Problem10.grid;10000;39600;2656;1637;801877;801877;1965;6.0181;4.00;1558
Martins;htc-cmp502;4d_Grid-Problem10.grid;10000;39600;1904;1712;4793;4793;30;0.0023;0.07;198
Martins;htc-cmp502;4d_Grid-Problem10.grid;10000;39600;9690;7873;826436;826436;4428;9.8996;3.17;661
Martins;htc-cmp502;4d_Grid-Problem10.grid;10000;39600;5792;9875;27353888;27353888;16544;6834.4391;63.01;2992
Martins;htc-cmp502;4d_Grid-Problem10.grid;10000;39600;728;4037;5887706;5887706;2865;451.1321;16.20;1767
Martins;htc-cmp502;4d_Grid-Problem10.grid;10000;39600;1645;4712;31313857;31313857;50511;6927.0075;72.17;3651
Martins;htc-cmp502;4d_Grid-Problem10.grid;10000;39600;1432;427;30578;30578;91;0.0248;0.25;495
Martins;htc-cmp502;4d_Grid-Problem10.grid;10000;39600;6840;9014;12151510;12151510;16556;1372.7578;37.12;2932
Martins;htc-cmp502;4d_Grid-Problem10.grid;10000;39600;2378;4342;17871515;17871515;22784;2821.8297;37.35;2520
Martins;htc-cmp502;4d_Grid-Problem10.grid;10000;39600;3813;8213;18471386;18471386;7779;2737.9384;45.07;2891
