MDA;htc-cmp501;4d_Grid-Problem1.grid;10000;39600;877;768;5026;5026;19;0.0026;1.14;218
MDA;htc-cmp501;4d_Grid-Problem1.grid;10000;39600;5317;5903;119492;119492;244;0.2315;5.43;706
MDA;htc-cmp501;4d_Grid-Problem1.grid;10000;39600;2475;2266;4543;4543;17;0.0024;1.12;211
MDA;htc-cmp501;4d_Grid-Problem1.grid;10000;39600;9037;8218;388991;388991;567;1.3175;16.90;1065
MDA;htc-cmp501;4d_Grid-Problem1.grid;10000;39600;8116;6807;143141;143141;531;0.2719;6.32;650
MDA;htc-cmp501;4d_Grid-Problem1.grid;10000;39600;8457;5853;1076892;1076892;478;10.7581;42.59;1357
MDA;htc-cmp501;4d_Grid-Problem1.grid;10000;39600;5629;6810;1080056;1080056;2803;13.0936;42.41;1329
MDA;htc-cmp501;4d_Grid-Problem1.grid;10000;39600;2461;559;270988;270988;107;0.7082;12.00;1184
MDA;htc-cmp501;4d_Grid-Problem1.grid;10000;39600;6830;9316;4179342;4179342;8775;149.5535;166.54;2127
MDA;htc-cmp501;4d_Grid-Problem1.grid;10000;39600;3701;5536;14610732;14610732;20385;1282.4551;598.75;2305
MDA;htc-cmp501;4d_Grid-Problem1.grid;10000;39600;8061;9523;17471222;17471222;11506;1861.1097;685.04;2867
MDA;htc-cmp501;4d_Grid-Problem1.grid;10000;39600;5624;6457;8893831;8893831;6944;666.6656;347.31;2735
MDA;htc-cmp501;4d_Grid-Problem1.grid;10000;39600;9067;9716;28085307;28085307;4174;3492.4364;1139.10;3003
MDA;htc-cmp501;4d_Grid-Problem1.grid;10000;39600;1113;5231;22595080;22595080;53476;4491.0101;909.05;2101
MDA;htc-cmp501;4d_Grid-Problem1.grid;10000;39600;3236;3564;2404554;2404554;1220;35.3001;92.32;1786
MDA;htc-cmp501;4d_Grid-Problem1.grid;10000;39600;2343;1528;196123;196123;395;0.4532;8.03;747
MDA;htc-cmp501;4d_Grid-Problem1.grid;10000;39600;4162;4590;2204918;2204918;1131;31.4698;84.64;1781
MDA;htc-cmp501;4d_Grid-Problem1.grid;10000;39600;5076;690;38224760;38224760;10599;5533.5509;1550.40;4142
MDA;htc-cmp501;4d_Grid-Problem1.grid;10000;39600;8716;9168;33403316;33403316;6703;5748.2995;1353.14;2553
MDA;htc-cmp501;4d_Grid-Problem1.grid;10000;39600;7043;8833;719363;719363;2768;3.4239;29.19;1273
MDA;htc-cmp501;4d_Grid-Problem1.grid;10000;39600;2065;125;38454267;38454267;28239;7095.1642;1535.01;3199
MDA;htc-cmp501;4d_Grid-Problem1.grid;10000;39600;9199;6657;30942307;30942307;71144;7092.5412;1275.52;1799
MDA;htc-cmp501;4d_Grid-Problem1.grid;10000;39600;6112;8620;1714544;1714544;2291;20.3104;68.50;1471
MDA;htc-cmp501;4d_Grid-Problem1.grid;10000;39600;1946;4732;6846283;6846283;11192;350.4229;273.06;2365
MDA;htc-cmp501;4d_Grid-Problem1.grid;10000;39600;8883;6145;22070575;22070575;38200;2595.0211;898.35;2189
MDA;htc-cmp501;4d_Grid-Problem1.grid;10000;39600;7760;9798;25095425;25095425;23631;3673.5102;986.03;3156
MDA;htc-cmp501;4d_Grid-Problem1.grid;10000;39600;4452;4388;9756372;9756372;1468;465.9960;380.85;3139
MDA;htc-cmp501;4d_Grid-Problem1.grid;10000;39600;1712;6;294873;294873;339;0.6053;13.15;1099
MDA;htc-cmp501;4d_Grid-Problem1.grid;10000;39600;3151;3120;4861386;4861386;663;127.3719;190.00;2406
MDA;htc-cmp501;4d_Grid-Problem1.grid;10000;39600;5563;3166;816149;816149;456;4.9834;32.22;1606
MDA;htc-cmp501;4d_Grid-Problem1.grid;10000;39600;2923;5339;4175500;4175500;7043;130.2958;162.36;2130
MDA;htc-cmp501;4d_Grid-Problem1.grid;10000;39600;3950;5462;442191;442191;2102;1.6835;18.21;1370
MDA;htc-cmp501;4d_Grid-Problem1.grid;10000;39600;5042;4134;47972;47972;288;0.0451;2.77;522
MDA;htc-cmp501;4d_Grid-Problem1.grid;10000;39600;9341;8870;2212678;2212678;2558;29.3169;88.93;1452
MDA;htc-cmp501;4d_Grid-Problem1.grid;10000;39600;6546;6276;3381218;3381218;900;81.4738;129.30;2087
MDA;htc-cmp501;4d_Grid-Problem1.grid;10000;39600;7559;8887;5658690;5658690;7894;244.7929;223.78;2229
MDA;htc-cmp501;4d_Grid-Problem1.grid;10000;39600;5312;8417;3158617;3158617;775;54.9681;124.54;1686
MDA;htc-cmp501;4d_Grid-Problem1.grid;10000;39600;5902;6707;6034;6034;127;0.0044;1.18;150
MDA;htc-cmp501;4d_Grid-Problem1.grid;10000;39600;9643;6976;21479534;21479534;37015;3549.8818;849.77;2626
MDA;htc-cmp501;4d_Grid-Problem1.grid;10000;39600;3438;2025;504181;504181;1269;2.1445;20.47;1206
MDA;htc-cmp501;4d_Grid-Problem1.grid;10000;39600;8019;5239;6863876;6863876;12965;372.6376;273.59;1844
MDA;htc-cmp501;4d_Grid-Problem1.grid;10000;39600;8691;9439;34416718;34416718;11101;6949.8766;1395.36;2469
MDA;htc-cmp501;4d_Grid-Problem1.grid;10000;39600;4301;7804;4124102;4124102;2888;130.4264;166.27;1416
MDA;htc-cmp501;4d_Grid-Problem2.grid;10000;39600;3989;5197;65328;65328;374;0.0667;3.50;632
MDA;htc-cmp501;4d_Grid-Problem2.grid;10000;39600;5859;4670;211757;211757;1248;0.4987;8.87;793
MDA;htc-cmp501;4d_Grid-Problem2.grid;10000;39600;8725;9357;3967133;3967133;1709;144.5775;154.80;1547
MDA;htc-cmp501;4d_Grid-Problem2.grid;10000;39600;9536;7863;5335900;5335900;11316;233.1345;215.56;1730
MDA;htc-cmp501;4d_Grid-Problem2.grid;10000;39600;67;4057;11439142;11439142;4747;832.7505;451.37;2177
MDA;htc-cmp501;4d_Grid-Problem2.grid;10000;39600;4240;5850;391866;391866;2175;1.3171;15.95;983
MDA;htc-cmp501;4d_Grid-Problem2.grid;10000;39600;9045;8420;851377;851377;858;5.0259;34.33;1136
MDA;htc-cmp501;4d_Grid-Problem2.grid;10000;39600;8181;5583;1396909;1396909;867;15.0871;55.74;1266
MDA;htc-cmp501;4d_Grid-Problem2.grid;10000;39600;4973;8475;5995876;5995876;1015;179.7574;239.98;3006
MDA;htc-cmp501;4d_Grid-Problem2.grid;10000;39600;8436;8272;5671223;5671223;516;176.3752;224.97;2168
MDA;htc-cmp501;4d_Grid-Problem2.grid;10000;39600;4258;7670;14806191;14806191;9746;1156.6689;583.77;3284
MDA;htc-cmp501;4d_Grid-Problem2.grid;10000;39600;69;2655;2238257;2238257;3901;38.2726;89.35;1391
MDA;htc-cmp501;4d_Grid-Problem2.grid;10000;39600;6003;6829;1093369;1093369;1970;10.8534;44.06;1083
MDA;htc-cmp501;4d_Grid-Problem2.grid;10000;39600;1028;1558;2796742;2796742;1254;45.6826;112.53;1621
MDA;htc-cmp501;4d_Grid-Problem2.grid;10000;39600;5805;5126;404889;404889;1357;1.8123;16.65;793
MDA;htc-cmp501;4d_Grid-Problem2.grid;10000;39600;4192;1596;767043;767043;839;4.7901;30.39;1022
MDA;htc-cmp501;4d_Grid-Problem2.grid;10000;39600;1748;2951;50476;50476;75;0.0448;2.91;625
MDA;htc-cmp501;4d_Grid-Problem2.grid;10000;39600;131;1220;55838;55838;938;0.0815;3.11;454
MDA;htc-cmp501;4d_Grid-Problem2.grid;10000;39600;8942;6664;3829551;3829551;6693;74.9506;154.74;1822
MDA;htc-cmp501;4d_Grid-Problem2.grid;10000;39600;2243;6860;41616655;41616655;21525;7166.9914;1683.16;4226
MDA;htc-cmp501;4d_Grid-Problem2.grid;10000;39600;506;1543;6427647;6427647;9101;570.8952;257.92;1362
MDA;htc-cmp501;4d_Grid-Problem2.grid;10000;39600;6666;3486;18841324;18841324;23250;1816.5142;764.24;3781
MDA;htc-cmp501;4d_Grid-Problem2.grid;10000;39600;5462;3430;25421004;25421004;27206;3075.2850;1006.85;3804
MDA;htc-cmp501;4d_Grid-Problem2.grid;10000;39600;580;198;107679;107679;358;0.1776;5.09;625
MDA;htc-cmp501;4d_Grid-Problem2.grid;10000;39600;8461;6756;178780;178780;624;0.3800;7.67;800
MDA;htc-cmp501;4d_Grid-Problem2.grid;10000;39600;4858;4728;3110519;3110519;815;45.5372;122.19;2133
MDA;htc-cmp501;4d_Grid-Problem2.grid;10000;39600;6581;3274;4502416;4502416;1987;83.0892;180.50;2154
MDA;htc-cmp501;4d_Grid-Problem2.grid;10000;39600;4872;5724;40770354;40770354;5658;6108.3749;1631.82;4196
MDA;htc-cmp501;4d_Grid-Problem2.grid;10000;39600;8288;7856;2559200;2559200;1288;36.4704;103.65;1341
MDA;htc-cmp501;4d_Grid-Problem2.grid;10000;39600;9886;8247;7459313;7459313;25324;549.9542;297.89;1581
MDA;htc-cmp501;4d_Grid-Problem2.grid;10000;39600;5158;1261;20168899;20168899;5036;1682.4479;805.28;4643
MDA;htc-cmp501;4d_Grid-Problem2.grid;10000;39600;3414;2637;1044605;1044605;1096;6.3868;41.96;1212
MDA;htc-cmp501;4d_Grid-Problem2.grid;10000;39600;6556;4166;2484789;2484789;1771;51.1023;94.50;1586
MDA;htc-cmp501;4d_Grid-Problem2.grid;10000;39600;8150;7989;11694312;11694312;1151;633.1948;473.58;3101
MDA;htc-cmp501;4d_Grid-Problem2.grid;10000;39600;8852;4867;15860529;15860529;10396;1653.0274;619.27;2858
MDA;htc-cmp501;4d_Grid-Problem2.grid;10000;39600;5732;4672;32353402;32353402;9336;4508.8546;1284.22;3925
MDA;htc-cmp501;4d_Grid-Problem3.grid;10000;39600;8201;8034;1955885;1955885;680;25.8108;80.07;1148
MDA;htc-cmp501;4d_Grid-Problem3.grid;10000;39600;7085;3269;15249241;15249241;10646;1592.3330;599.89;2458
MDA;htc-cmp501;4d_Grid-Problem3.grid;10000;39600;560;3438;9574474;9574474;19580;685.3093;387.77;1883
MDA;htc-cmp501;4d_Grid-Problem3.grid;10000;39600;1765;2270;3493;3493;46;0.0018;1.09;158
MDA;htc-cmp501;4d_Grid-Problem3.grid;10000;39600;4927;3140;733984;733984;1290;5.4730;28.47;1314
MDA;htc-cmp501;4d_Grid-Problem2.grid;10000;39600;6545;2135;46481959;46481959;12218;7068.7819;1868.63;4691
MDA;htc-cmp501;4d_Grid-Problem3.grid;10000;39600;9971;7779;674283;674283;1095;3.2344;27.61;937
MDA;htc-cmp501;4d_Grid-Problem3.grid;10000;39600;5286;5079;2566;2566;17;0.0012;1.06;199
MDA;htc-cmp501;4d_Grid-Problem2.grid;10000;39600;6780;2955;35222901;35222901;75663;6090.8153;1436.14;3165
MDA;htc-cmp501;4d_Grid-Problem3.grid;10000;39600;8728;4607;27484666;27484666;31663;4965.2637;1101.99;2697
MDA;htc-cmp501;4d_Grid-Problem3.grid;10000;39600;7420;5967;30448934;30448934;18830;4593.9013;1237.50;3041
MDA;htc-cmp501;4d_Grid-Problem3.grid;10000;39600;1670;1174;5186;5186;32;0.0027;1.14;202
MDA;htc-cmp501;4d_Grid-Problem3.grid;10000;39600;633;1950;375237;375237;2566;1.5617;15.68;867
MDA;htc-cmp501;4d_Grid-Problem3.grid;10000;39600;6042;1955;32546175;32546175;13561;3851.9599;1303.25;4560
MDA;htc-cmp501;4d_Grid-Problem3.grid;10000;39600;4407;1938;14111086;14111086;29504;1605.4847;549.42;2552
MDA;htc-cmp501;4d_Grid-Problem3.grid;10000;39600;8760;6825;12859218;12859218;18069;1234.0585;511.26;2584
MDA;htc-cmp501;4d_Grid-Problem3.grid;10000;39600;6939;8135;37486;37486;97;0.0343;2.28;402
MDA;htc-cmp501;4d_Grid-Problem3.grid;10000;39600;3926;4851;2057858;2057858;1355;33.3375;78.72;1615
MDA;htc-cmp501;4d_Grid-Problem3.grid;10000;39600;2358;5863;7233422;7233422;2042;294.6437;294.34;2947
MDA;htc-cmp501;4d_Grid-Problem3.grid;10000;39600;2552;4720;22477893;22477893;21852;2919.2479;896.40;3421
MDA;htc-cmp501;4d_Grid-Problem3.grid;10000;39600;3043;6447;6769102;6769102;2148;258.3355;264.11;2532
MDA;htc-cmp501;4d_Grid-Problem3.grid;10000;39600;683;3140;32967514;32967514;58510;6314.9082;1348.80;2406
MDA;htc-cmp501;4d_Grid-Problem3.grid;10000;39600;5338;9745;32678558;32678558;6205;4546.6707;1321.58;4418
MDA;htc-cmp501;4d_Grid-Problem3.grid;10000;39600;9747;6432;5831423;5831423;7602;247.4425;235.30;1844
MDA;htc-cmp501;4d_Grid-Problem3.grid;10000;39600;3552;7053;8011160;8011160;1108;266.0542;321.53;3392
MDA;htc-cmp501;4d_Grid-Problem3.grid;10000;39600;7194;8051;10923583;10923583;4973;806.5670;432.87;2166
MDA;htc-cmp501;4d_Grid-Problem3.grid;10000;39600;4304;7428;11200194;11200194;17199;1138.7334;438.64;2462
MDA;htc-cmp501;4d_Grid-Problem3.grid;10000;39600;6522;2440;29894549;29894549;22017;5371.6198;1185.67;3196
MDA;htc-cmp501;4d_Grid-Problem3.grid;10000;39600;4589;79;29702106;29702106;15846;4265.4667;1219.58;3551
MDA;htc-cmp501;4d_Grid-Problem3.grid;10000;39600;8576;5983;1556143;1556143;2155;20.2658;61.13;1508
MDA;htc-cmp501;4d_Grid-Problem3.grid;10000;39600;3525;852;23154033;23154033;18706;3210.1219;921.69;3610
MDA;htc-cmp501;4d_Grid-Problem3.grid;10000;39600;1757;2728;3953372;3953372;4214;97.5749;161.22;2081
MDA;htc-cmp501;4d_Grid-Problem3.grid;10000;39600;5520;5937;212632;212632;373;0.8769;8.55;833
MDA;htc-cmp501;4d_Grid-Problem3.grid;10000;39600;7647;9423;5818511;5818511;10943;199.4050;231.03;2291
MDA;htc-cmp501;4d_Grid-Problem3.grid;10000;39600;3259;6451;7863578;7863578;5637;339.8379;311.40;2979
MDA;htc-cmp501;4d_Grid-Problem3.grid;10000;39600;4324;7524;4840874;4840874;1262;170.3632;190.87;2620
MDA;htc-cmp501;4d_Grid-Problem3.grid;10000;39600;9184;9671;47948;47948;274;0.0425;2.83;448
MDA;htc-cmp501;4d_Grid-Problem3.grid;10000;39600;8461;8043;163893;163893;124;0.2441;7.09;754
MDA;htc-cmp501;4d_Grid-Problem3.grid;10000;39600;6461;5042;1528754;1528754;3266;22.6752;58.36;1618
MDA;htc-cmp501;4d_Grid-Problem3.grid;10000;39600;1350;51;39070;39070;35;0.0312;2.49;567
MDA;htc-cmp501;4d_Grid-Problem3.grid;10000;39600;6374;7559;404119;404119;1397;1.2666;16.90;1132
MDA;htc-cmp501;4d_Grid-Problem3.grid;10000;39600;9133;6230;1892370;1892370;560;24.9774;74.96;1534
MDA;htc-cmp501;4d_Grid-Problem3.grid;10000;39600;5243;6040;8418;8418;71;0.0053;1.25;220
MDA;htc-cmp501;4d_Grid-Problem3.grid;10000;39600;1704;1241;4683496;4683496;3833;117.3498;192.52;1607
MDA;htc-cmp501;4d_Grid-Problem3.grid;10000;39600;5161;9759;35270212;35270212;4792;5294.9649;1391.45;4761
MDA;htc-cmp501;4d_Grid-Problem3.grid;10000;39600;7259;5681;4074533;4074533;10723;110.1893;159.86;2147
MDA;htc-cmp501;4d_Grid-Problem3.grid;10000;39600;9405;8857;29057091;29057091;12398;5702.7211;1204.70;1996
MDA;htc-cmp501;4d_Grid-Problem3.grid;10000;39600;5278;5063;63524;63524;120;0.0798;3.23;561
MDA;htc-cmp501;4d_Grid-Problem4.grid;10000;39600;4137;1957;6641100;6641100;13154;259.6834;274.52;2915
MDA;htc-cmp501;4d_Grid-Problem3.grid;10000;39600;7430;3712;25910418;25910418;18191;3314.9795;1037.46;3163
MDA;htc-cmp501;4d_Grid-Problem3.grid;10000;39600;8394;7047;20206426;20206426;14670;3264.8061;807.22;2244
MDA;htc-cmp501;4d_Grid-Problem4.grid;10000;39600;9931;9871;5970180;5970180;2103;299.1054;236.45;1807
MDA;htc-cmp501;4d_Grid-Problem4.grid;10000;39600;1634;4228;2403869;2403869;1407;26.5292;95.04;1507
MDA;htc-cmp501;4d_Grid-Problem4.grid;10000;39600;9608;9933;626731;626731;1044;4.7958;25.29;564
MDA;htc-cmp501;4d_Grid-Problem4.grid;10000;39600;7701;7801;20;20;1;0.0000;0.96;10
MDA;htc-cmp501;4d_Grid-Problem4.grid;10000;39600;9576;9769;3446;3446;22;0.0016;1.09;131
MDA;htc-cmp501;4d_Grid-Problem4.grid;10000;39600;6132;3956;8606454;8606454;12960;431.2216;342.17;2880
MDA;htc-cmp501;4d_Grid-Problem4.grid;10000;39600;5625;8937;8432527;8432527;5760;453.0122;336.23;2614
MDA;htc-cmp501;4d_Grid-Problem4.grid;10000;39600;7375;5564;583712;583712;1530;3.6310;22.96;1179
MDA;htc-cmp501;4d_Grid-Problem4.grid;10000;39600;4746;2811;37508013;37508013;22342;6023.8971;1504.06;4400
MDA;htc-cmp501;4d_Grid-Problem4.grid;10000;39600;5838;3441;913930;913930;645;5.4611;38.04;1834
MDA;htc-cmp501;4d_Grid-Problem4.grid;10000;39600;7039;8812;10082587;10082587;15817;563.9304;405.31;3051
MDA;htc-cmp501;4d_Grid-Problem4.grid;10000;39600;4670;952;32024158;32024158;27148;4390.5026;1302.35;3853
MDA;htc-cmp501;4d_Grid-Problem4.grid;10000;39600;5013;1432;20818963;20818963;20501;2676.9770;824.03;2552
MDA;htc-cmp501;4d_Grid-Problem4.grid;10000;39600;5774;4779;16520;16520;86;0.0113;1.60;341
MDA;htc-cmp501;4d_Grid-Problem4.grid;10000;39600;8078;3359;36374076;36374076;41708;6341.7891;1473.34;2976
MDA;htc-cmp501;4d_Grid-Problem4.grid;10000;39600;4208;7308;3357967;3357967;1408;80.7693;132.75;1579
MDA;htc-cmp501;4d_Grid-Problem4.grid;10000;39600;516;2802;1393672;1393672;7588;18.4174;56.19;908
MDA;htc-cmp501;4d_Grid-Problem4.grid;10000;39600;1739;339;54018;54018;128;0.0709;2.85;443
MDA;htc-cmp501;4d_Grid-Problem4.grid;10000;39600;4196;1775;5335203;5335203;12788;281.9430;208.79;1678
MDA;htc-cmp501;4d_Grid-Problem4.grid;10000;39600;6433;8171;22182763;22182763;15728;2370.5407;892.05;3732
MDA;htc-cmp501;4d_Grid-Problem4.grid;10000;39600;2392;2576;105233;105233;202;0.1250;5.26;647
MDA;htc-cmp501;4d_Grid-Problem4.grid;10000;39600;156;144;10704;10704;26;0.0067;1.36;210
MDA;htc-cmp501;4d_Grid-Problem4.grid;10000;39600;4018;2729;198191;198191;804;0.3979;8.45;821
MDA;htc-cmp501;4d_Grid-Problem4.grid;10000;39600;3268;1658;373064;373064;2170;1.7648;15.17;993
MDA;htc-cmp501;4d_Grid-Problem4.grid;10000;39600;1971;1165;18433;18433;99;0.0126;1.66;390
MDA;htc-cmp501;4d_Grid-Problem4.grid;10000;39600;7829;9954;6893686;6893686;12442;270.0372;276.32;2448
MDA;htc-cmp501;4d_Grid-Problem4.grid;10000;39600;9362;6846;2505208;2505208;10061;48.6582;100.14;1247
MDA;htc-cmp501;4d_Grid-Problem4.grid;10000;39600;4058;2631;4586304;4586304;7030;120.7772;181.80;2420
MDA;htc-cmp501;4d_Grid-Problem4.grid;10000;39600;2877;1692;456878;456878;1427;1.6495;18.94;1143
MDA;htc-cmp501;4d_Grid-Problem4.grid;10000;39600;7160;2771;32300569;32300569;13322;3799.0513;1324.55;4285
MDA;htc-cmp501;4d_Grid-Problem4.grid;10000;39600;6412;3738;13809260;13809260;20152;1171.5592;555.71;2482
MDA;htc-cmp501;4d_Grid-Problem4.grid;10000;39600;519;537;142929;142929;100;0.2258;6.17;530
MDA;htc-cmp501;4d_Grid-Problem4.grid;10000;39600;1464;3453;904910;904910;2346;6.2267;36.25;1318
MDA;htc-cmp501;4d_Grid-Problem4.grid;10000;39600;2998;2687;10795;10795;55;0.0073;1.35;175
MDA;htc-cmp501;4d_Grid-Problem4.grid;10000;39600;9731;7149;2641754;2641754;7384;73.9475;104.50;1258
MDA;htc-cmp501;4d_Grid-Problem4.grid;10000;39600;5751;5830;322407;322407;412;0.8270;13.38;1022
MDA;htc-cmp501;4d_Grid-Problem4.grid;10000;39600;3710;1640;12638711;12638711;22187;992.6947;509.10;2407
MDA;htc-cmp501;4d_Grid-Problem4.grid;10000;39600;7862;9693;13400600;13400600;24372;1104.0423;538.39;2809
MDA;htc-cmp501;4d_Grid-Problem5.grid;10000;39600;7002;8718;565950;565950;1727;3.2895;22.71;763
MDA;htc-cmp501;4d_Grid-Problem5.grid;10000;39600;6252;5956;622;622;15;0.0003;0.98;80
MDA;htc-cmp501;4d_Grid-Problem5.grid;10000;39600;3970;1972;350993;350993;293;0.7715;14.43;1204
MDA;htc-cmp501;4d_Grid-Problem5.grid;10000;39600;2134;2713;549420;549420;1043;3.4963;21.72;1165
MDA;htc-cmp501;4d_Grid-Problem5.grid;10000;39600;8346;7435;87394;87394;426;0.1142;4.26;702
MDA;htc-cmp501;4d_Grid-Problem5.grid;10000;39600;655;123;3393118;3393118;2299;96.9863;132.41;1431
MDA;htc-cmp501;4d_Grid-Problem5.grid;10000;39600;3705;1523;2596067;2596067;8227;55.1120;102.95;1318
MDA;htc-cmp501;4d_Grid-Problem5.grid;10000;39600;3652;2347;77756;77756;257;0.0871;3.81;558
MDA;htc-cmp501;4d_Grid-Problem5.grid;10000;39600;4439;2023;5467191;5467191;11948;160.1842;220.02;2725
MDA;htc-cmp501;4d_Grid-Problem5.grid;10000;39600;3633;2238;92843;92843;336;0.1283;4.43;608
MDA;htc-cmp501;4d_Grid-Problem5.grid;10000;39600;9149;9994;28562804;28562804;6549;4062.1268;1171.96;3558
MDA;htc-cmp501;4d_Grid-Problem5.grid;10000;39600;3605;311;4197380;4197380;2063;141.1051;164.71;1536
MDA;htc-cmp501;4d_Grid-Problem5.grid;10000;39600;2612;7521;24670625;24670625;9481;2490.4586;1000.00;2855
MDA;htc-cmp501;4d_Grid-Problem5.grid;10000;39600;8952;7349;101436;101436;114;0.1572;4.66;515
MDA;htc-cmp501;4d_Grid-Problem5.grid;10000;39600;1388;4575;2495400;2495400;2597;31.0526;99.74;1193
MDA;htc-cmp501;4d_Grid-Problem5.grid;10000;39600;5229;1925;5466929;5466929;2936;155.1400;219.19;3061
MDA;htc-cmp501;4d_Grid-Problem5.grid;10000;39600;4297;774;14897043;14897043;31526;1645.7331;600.82;2128
MDA;htc-cmp501;4d_Grid-Problem5.grid;10000;39600;84;1975;341460;341460;2390;1.2402;14.30;492
MDA;htc-cmp501;4d_Grid-Problem5.grid;10000;39600;6161;3044;13531379;13531379;11452;1185.0104;523.23;3084
MDA;htc-cmp501;4d_Grid-Problem5.grid;10000;39600;3561;6053;1775022;1775022;2267;19.2182;70.32;1813
MDA;htc-cmp501;4d_Grid-Problem5.grid;10000;39600;115;3123;2195962;2195962;3190;41.1064;89.51;983
MDA;htc-cmp501;4d_Grid-Problem5.grid;10000;39600;5270;1653;22911776;22911776;16325;2807.6213;907.26;4092
MDA;htc-cmp501;4d_Grid-Problem5.grid;10000;39600;6131;3401;31308159;31308159;22338;4203.3883;1252.09;3888
MDA;htc-cmp501;4d_Grid-Problem5.grid;10000;39600;4337;1024;13178522;13178522;7887;853.8940;527.50;3435
MDA;htc-cmp501;4d_Grid-Problem5.grid;10000;39600;5030;3131;173736;173736;41;0.2356;7.50;945
MDA;htc-cmp501;4d_Grid-Problem5.grid;10000;39600;1087;4298;3233725;3233725;7075;70.3936;130.15;1144
MDA;htc-cmp501;4d_Grid-Problem5.grid;10000;39600;6701;5827;1335551;1335551;3937;18.1561;53.57;1039
MDA;htc-cmp501;4d_Grid-Problem5.grid;10000;39600;2250;2580;3167079;3167079;1032;48.3023;125.94;2189
MDA;htc-cmp501;4d_Grid-Problem5.grid;10000;39600;305;1213;10218;10218;242;0.0088;1.36;181
MDA;htc-cmp501;4d_Grid-Problem5.grid;10000;39600;1334;826;9224;9224;77;0.0059;1.31;304
MDA;htc-cmp501;4d_Grid-Problem5.grid;10000;39600;2370;6762;25073288;25073288;6512;3054.9616;1008.75;3310
MDA;htc-cmp501;4d_Grid-Problem5.grid;10000;39600;8805;5537;22386268;22386268;75286;3053.4827;911.52;1969
MDA;htc-cmp501;4d_Grid-Problem5.grid;10000;39600;3564;3469;534;534;5;0.0002;0.97;79
MDA;htc-cmp501;4d_Grid-Problem5.grid;10000;39600;5916;8731;6589528;6589528;11802;360.7909;256.76;2165
MDA;htc-cmp501;4d_Grid-Problem5.grid;10000;39600;3942;4538;4417;4417;29;0.0026;1.12;186
MDA;htc-cmp501;4d_Grid-Problem5.grid;10000;39600;6669;7551;464585;464585;571;1.7236;19.16;1540
MDA;htc-cmp501;4d_Grid-Problem5.grid;10000;39600;3968;2553;637456;637456;1425;2.8732;25.72;1383
MDA;htc-cmp501;4d_Grid-Problem5.grid;10000;39600;6530;8543;1470925;1470925;2923;14.7399;57.67;1631
MDA;htc-cmp501;4d_Grid-Problem5.grid;10000;39600;3341;5633;1907006;1907006;2536;24.4817;73.81;1697
MDA;htc-cmp501;4d_Grid-Problem5.grid;10000;39600;4827;2100;18701476;18701476;25996;1654.5547;746.93;3166
MDA;htc-cmp501;4d_Grid-Problem5.grid;10000;39600;2239;827;475339;475339;2021;2.7537;19.66;1147
MDA;htc-cmp501;4d_Grid-Problem5.grid;10000;39600;3618;3865;25860123;25860123;5683;2301.0745;1058.18;3509
MDA;htc-cmp501;4d_Grid-Problem5.grid;10000;39600;1351;1501;39476121;39476121;2082;7111.6745;1570.41;3909
MDA;htc-cmp501;4d_Grid-Problem6.grid;10000;39600;7268;6857;35788;35788;56;0.0293;2.35;475
MDA;htc-cmp501;4d_Grid-Problem6.grid;10000;39600;7133;5809;2992417;2992417;7158;81.3623;115.44;1795
MDA;htc-cmp501;4d_Grid-Problem5.grid;10000;39600;1444;3504;23330161;23330161;14083;2874.4190;941.65;3485
MDA;htc-cmp501;4d_Grid-Problem6.grid;10000;39600;620;664;11281583;11281583;4695;1055.2760;450.59;1780
MDA;htc-cmp501;4d_Grid-Problem6.grid;10000;39600;8560;6859;148901;148901;252;0.2152;6.67;737
MDA;htc-cmp501;4d_Grid-Problem6.grid;10000;39600;9558;7085;8671566;8671566;23731;419.0040;353.58;1989
MDA;htc-cmp501;4d_Grid-Problem5.grid;10000;39600;9687;8436;30472437;30472437;18893;5366.5210;1226.00;2103
MDA;htc-cmp501;4d_Grid-Problem6.grid;10000;39600;6619;5759;15014737;15014737;2797;1170.4628;608.42;2802
MDA;htc-cmp501;4d_Grid-Problem6.grid;10000;39600;3504;3714;10114;10114;77;0.0068;1.34;232
MDA;htc-cmp501;4d_Grid-Problem6.grid;10000;39600;3668;5765;565535;565535;264;2.2129;22.40;1206
MDA;htc-cmp501;4d_Grid-Problem6.grid;10000;39600;9376;9357;142761;142761;217;0.2132;6.39;605
MDA;htc-cmp501;4d_Grid-Problem6.grid;10000;39600;5459;4737;913843;913843;699;5.8252;37.23;1692
MDA;htc-cmp501;4d_Grid-Problem6.grid;10000;39600;3574;4741;9542111;9542111;4645;467.8254;381.93;3104
MDA;htc-cmp501;4d_Grid-Problem6.grid;10000;39600;285;4685;7486879;7486879;3427;378.8891;296.65;1649
MDA;htc-cmp501;4d_Grid-Problem6.grid;10000;39600;812;621;6155;6155;21;0.0033;1.19;214
MDA;htc-cmp501;4d_Grid-Problem6.grid;10000;39600;1759;220;20733518;20733518;17708;1913.8092;844.27;3148
MDA;htc-cmp501;4d_Grid-Problem6.grid;10000;39600;6651;8439;972677;972677;1518;6.7839;38.34;1250
MDA;htc-cmp501;4d_Grid-Problem6.grid;10000;39600;271;739;2155973;2155973;1429;29.5244;88.00;1540
MDA;htc-cmp501;4d_Grid-Problem6.grid;10000;39600;2098;2978;447784;447784;1990;2.3359;18.25;628
MDA;htc-cmp501;4d_Grid-Problem6.grid;10000;39600;2469;6568;18310680;18310680;3148;1532.4895;743.95;3155
MDA;htc-cmp501;4d_Grid-Problem6.grid;10000;39600;3851;5818;28759511;28759511;28606;4172.5751;1138.79;4095
MDA;htc-cmp501;4d_Grid-Problem6.grid;10000;39600;4602;4600;62;62;3;0.0000;0.96;17
MDA;htc-cmp501;4d_Grid-Problem6.grid;10000;39600;3519;3039;547137;547137;627;2.4821;21.68;1067
MDA;htc-cmp501;4d_Grid-Problem6.grid;10000;39600;6760;4797;38865703;38865703;25450;6034.9653;1592.05;4127
MDA;htc-cmp501;4d_Grid-Problem6.grid;10000;39600;9062;5166;12902505;12902505;2939;922.5273;527.96;2316
MDA;htc-cmp501;4d_Grid-Problem6.grid;10000;39600;5846;5266;412282;412282;365;1.3147;16.71;1078
MDA;htc-cmp501;4d_Grid-Problem6.grid;10000;39600;2162;5237;22906980;22906980;33210;2395.0443;933.83;3371
MDA;htc-cmp501;4d_Grid-Problem6.grid;10000;39600;9628;7510;1994135;1994135;5385;38.3183;80.08;1241
MDA;htc-cmp501;4d_Grid-Problem6.grid;10000;39600;5828;2746;8727887;8727887;13733;358.6229;354.80;2837
MDA;htc-cmp501;4d_Grid-Problem6.grid;10000;39600;8363;8394;2770931;2770931;976;34.3636;111.36;1755
MDA;htc-cmp501;4d_Grid-Problem6.grid;10000;39600;7428;6244;619988;619988;1990;3.8337;24.89;1308
MDA;htc-cmp501;4d_Grid-Problem6.grid;10000;39600;9966;9386;222003;222003;668;0.5282;9.57;617
MDA;htc-cmp501;4d_Grid-Problem6.grid;10000;39600;6848;5457;252004;252004;1602;0.8089;10.71;895
MDA;htc-cmp501;4d_Grid-Problem6.grid;10000;39600;6956;7989;9954271;9954271;4242;575.7035;389.77;2797
MDA;htc-cmp501;4d_Grid-Problem6.grid;10000;39600;2970;4161;119155;119155;470;0.2115;5.40;723
MDA;htc-cmp501;4d_Grid-Problem6.grid;10000;39600;3428;3769;21171371;21171371;2672;2295.8325;857.95;3760
MDA;htc-cmp501;4d_Grid-Problem6.grid;10000;39600;8676;7833;17916120;17916120;11476;1647.4405;744.45;2448
MDA;htc-cmp501;4d_Grid-Problem6.grid;10000;39600;7589;8189;1679;1679;18;0.0008;1.02;120
MDA;htc-cmp501;4d_Grid-Problem6.grid;10000;39600;1073;2288;284347;284347;926;0.7070;12.09;897
MDA;htc-cmp501;4d_Grid-Problem6.grid;10000;39600;6127;7239;240905;240905;1216;0.6828;10.33;994
MDA;htc-cmp501;4d_Grid-Problem6.grid;10000;39600;3651;3948;728;728;14;0.0003;0.98;69
MDA;htc-cmp501;4d_Grid-Problem6.grid;10000;39600;9446;7038;861626;861626;1323;5.4808;34.75;1081
MDA;htc-cmp501;4d_Grid-Problem6.grid;10000;39600;1223;4946;14957359;14957359;24399;1831.9977;593.22;2046
MDA;htc-cmp501;4d_Grid-Problem6.grid;10000;39600;698;864;2025123;2025123;1415;35.1471;80.57;988
MDA;htc-cmp501;4d_Grid-Problem6.grid;10000;39600;4032;5208;2450849;2450849;4988;42.4797;95.80;1836
MDA;htc-cmp501;4d_Grid-Problem6.grid;10000;39600;600;943;6843559;6843559;3643;422.0224;278.36;1183
MDA;htc-cmp501;4d_Grid-Problem6.grid;10000;39600;6536;6946;22308;22308;80;0.0214;1.74;326
MDA;htc-cmp501;4d_Grid-Problem6.grid;10000;39600;4476;4684;2981;2981;11;0.0015;1.06;181
MDA;htc-cmp501;4d_Grid-Problem6.grid;10000;39600;6752;4066;5893126;5893126;8021;201.7130;234.77;2368
MDA;htc-cmp501;4d_Grid-Problem6.grid;10000;39600;2502;2009;5450;5450;58;0.0034;1.16;162
MDA;htc-cmp501;4d_Grid-Problem6.grid;10000;39600;5399;6358;13723179;13723179;16028;1304.9291;553.17;2464
MDA;htc-cmp501;4d_Grid-Problem6.grid;10000;39600;1918;3610;253602;253602;432;0.7522;10.56;886
MDA;htc-cmp501;4d_Grid-Problem6.grid;10000;39600;2258;5964;10375594;10375594;2769;536.8311;415.60;2864
MDA;htc-cmp501;4d_Grid-Problem6.grid;10000;39600;4780;5960;1384575;1384575;3101;12.4931;56.20;1550
MDA;htc-cmp501;4d_Grid-Problem7.grid;10000;39600;8839;7770;4780028;4780028;6966;173.8345;189.26;1869
MDA;htc-cmp501;4d_Grid-Problem6.grid;10000;39600;1148;5267;33526417;33526417;28260;4982.0585;1345.82;3204
MDA;htc-cmp501;4d_Grid-Problem6.grid;10000;39600;2150;2506;28446389;28446389;2682;3491.1361;1113.47;3546
MDA;htc-cmp501;4d_Grid-Problem7.grid;10000;39600;4950;4920;3398677;3398677;2238;86.5926;135.19;2457
MDA;htc-cmp501;4d_Grid-Problem6.grid;10000;39600;5883;9260;26719666;26719666;27507;3710.6603;1087.52;3245
MDA;htc-cmp501;4d_Grid-Problem7.grid;10000;39600;2532;3857;3820759;3820759;4067;76.4050;151.27;2139
MDA;htc-cmp501;4d_Grid-Problem7.grid;10000;39600;4858;956;13702736;13702736;3886;896.0204;532.79;3241
MDA;htc-cmp501;4d_Grid-Problem7.grid;10000;39600;8446;5145;3316447;3316447;876;70.9840;127.31;1744
MDA;htc-cmp501;4d_Grid-Problem7.grid;10000;39600;3125;4105;743447;743447;2117;4.2385;29.95;1317
MDA;htc-cmp501;4d_Grid-Problem7.grid;10000;39600;8478;7391;278010;278010;1049;0.6896;11.72;991
MDA;htc-cmp501;4d_Grid-Problem7.grid;10000;39600;8940;7078;22746890;22746890;35350;3510.2224;913.20;2666
MDA;htc-cmp501;4d_Grid-Problem7.grid;10000;39600;1015;1902;148062;148062;766;0.2495;6.58;612
MDA;htc-cmp501;4d_Grid-Problem7.grid;10000;39600;365;3352;3996791;3996791;7723;127.3827;156.44;1562
MDA;htc-cmp501;4d_Grid-Problem7.grid;10000;39600;5958;7355;74973;74973;79;0.0818;3.83;650
MDA;htc-cmp501;4d_Grid-Problem7.grid;10000;39600;6276;6866;31401;31401;165;0.0266;2.16;515
MDA;htc-cmp501;4d_Grid-Problem7.grid;10000;39600;2961;4568;313496;313496;793;0.7988;12.85;944
MDA;htc-cmp501;4d_Grid-Problem7.grid;10000;39600;3211;4301;127099;127099;631;0.2376;5.82;739
MDA;htc-cmp501;4d_Grid-Problem7.grid;10000;39600;6386;2797;7273225;7273225;6908;307.4229;292.04;2382
MDA;htc-cmp501;4d_Grid-Problem7.grid;10000;39600;2427;3237;61933;61933;403;0.1009;3.22;546
MDA;htc-cmp501;4d_Grid-Problem7.grid;10000;39600;2827;942;1487982;1487982;2250;13.8991;59.11;1756
MDA;htc-cmp501;4d_Grid-Problem7.grid;10000;39600;9306;9149;4866509;4866509;2767;289.1161;189.16;1236
MDA;htc-cmp501;4d_Grid-Problem7.grid;10000;39600;765;1766;8979;8979;37;0.0053;1.30;269
MDA;htc-cmp501;4d_Grid-Problem7.grid;10000;39600;6964;6569;2961;2961;45;0.0017;1.06;140
MDA;htc-cmp501;4d_Grid-Problem7.grid;10000;39600;8509;8826;141015;141015;119;0.2149;6.37;568
MDA;htc-cmp501;4d_Grid-Problem7.grid;10000;39600;8475;5490;6713612;6713612;13789;311.8584;267.99;1913
MDA;htc-cmp501;4d_Grid-Problem7.grid;10000;39600;6876;6769;3101;3101;31;0.0018;1.07;132
MDA;htc-cmp501;4d_Grid-Problem7.grid;10000;39600;4701;1202;5050948;5050948;734;198.3956;197.86;1810
MDA;htc-cmp501;4d_Grid-Problem7.grid;10000;39600;1618;5706;13195033;13195033;8347;1269.3060;529.69;2228
MDA;htc-cmp501;4d_Grid-Problem7.grid;10000;39600;9081;6881;304356;304356;360;0.6778;12.89;837
MDA;htc-cmp501;4d_Grid-Problem7.grid;10000;39600;2282;5261;11179863;11179863;23862;926.0928;447.40;2160
MDA;htc-cmp501;4d_Grid-Problem7.grid;10000;39600;1842;3068;2988423;2988423;4254;64.5524;117.60;1998
MDA;htc-cmp501;4d_Grid-Problem7.grid;10000;39600;8657;5287;31639723;31639723;54642;6118.3892;1264.85;3151
MDA;htc-cmp501;4d_Grid-Problem7.grid;10000;39600;9608;4706;15824882;15824882;10072;2546.4994;629.81;1617
MDA;htc-cmp501;4d_Grid-Problem7.grid;10000;39600;6823;4239;6002869;6002869;2430;261.8189;237.49;2361
MDA;htc-cmp501;4d_Grid-Problem7.grid;10000;39600;3208;5742;20101838;20101838;35948;3345.4852;802.40;2630
MDA;htc-cmp501;4d_Grid-Problem7.grid;10000;39600;9445;5953;6446505;6446505;4346;215.3957;259.62;2084
MDA;htc-cmp501;4d_Grid-Problem7.grid;10000;39600;2025;3412;512591;512591;1083;2.1269;20.98;1252
MDA;htc-cmp501;4d_Grid-Problem7.grid;10000;39600;5376;5172;272;272;6;0.0001;0.97;56
MDA;htc-cmp501;4d_Grid-Problem7.grid;10000;39600;4692;5866;1879319;1879319;4613;25.2716;73.75;1284
MDA;htc-cmp501;4d_Grid-Problem7.grid;10000;39600;3790;1064;12220302;12220302;23315;1046.0212;482.78;2345
MDA;htc-cmp501;4d_Grid-Problem7.grid;10000;39600;640;2508;8974927;8974927;11925;554.8114;361.75;2308
MDA;htc-cmp501;4d_Grid-Problem7.grid;10000;39600;5536;7751;2402801;2402801;3768;37.9943;93.44;1935
MDA;htc-cmp501;4d_Grid-Problem7.grid;10000;39600;7649;8724;2030434;2030434;4567;35.0518;81.76;1907
MDA;htc-cmp501;4d_Grid-Problem7.grid;10000;39600;7592;9790;225226;225226;439;0.5107;9.61;663
MDA;htc-cmp501;4d_Grid-Problem7.grid;10000;39600;3154;1069;2561010;2561010;3671;40.9767;101.77;2051
MDA;htc-cmp501;4d_Grid-Problem7.grid;10000;39600;552;559;2250;2250;8;0.0010;1.05;232
MDA;htc-cmp501;4d_Grid-Problem7.grid;10000;39600;1550;355;52929;52929;153;0.0451;3.14;740
MDA;htc-cmp501;4d_Grid-Problem7.grid;10000;39600;2288;250;16200847;16200847;31142;2022.3142;650.43;2202
MDA;htc-cmp501;4d_Grid-Problem7.grid;10000;39600;6234;8843;1897252;1897252;2722;24.9921;75.07;1949
MDA;htc-cmp501;4d_Grid-Problem7.grid;10000;39600;4775;6457;1788482;1788482;4734;21.8349;71.12;1852
MDA;htc-cmp501;4d_Grid-Problem7.grid;10000;39600;784;2842;21952903;21952903;36621;4149.3378;888.85;2230
MDA;htc-cmp501;4d_Grid-Problem8.grid;10000;39600;3965;5277;269949;269949;616;0.5429;11.18;899
MDA;htc-cmp501;4d_Grid-Problem8.grid;10000;39600;9199;8395;3431;3431;40;0.0019;1.09;126
MDA;htc-cmp501;4d_Grid-Problem8.grid;10000;39600;6029;9840;15830537;15830537;3410;1061.8314;626.81;3501
MDA;htc-cmp501;4d_Grid-Problem7.grid;10000;39600;1954;4125;15137770;15137770;16151;1657.8411;595.54;2858
MDA;htc-cmp501;4d_Grid-Problem8.grid;10000;39600;1478;2397;638790;638790;1501;3.2135;26.35;1015
MDA;htc-cmp501;4d_Grid-Problem7.grid;10000;39600;3233;461;37291503;37291503;44060;6606.9952;1489.85;3712
MDA;htc-cmp501;4d_Grid-Problem8.grid;10000;39600;4951;6284;14597956;14597956;12127;1301.2979;577.46;3263
MDA;htc-cmp501;4d_Grid-Problem8.grid;10000;39600;7349;6045;69296;69296;204;0.0626;3.60;605
MDA;htc-cmp501;4d_Grid-Problem8.grid;10000;39600;5794;7977;2591637;2591637;4012;52.2219;102.64;1285
MDA;htc-cmp501;4d_Grid-Problem8.grid;10000;39600;6622;7556;8183975;8183975;4501;436.1352;317.93;2525
MDA;htc-cmp501;4d_Grid-Problem8.grid;10000;39600;1383;4057;8930257;8930257;27134;570.0610;359.19;1689
MDA;htc-cmp501;4d_Grid-Problem8.grid;10000;39600;1014;5803;19113189;19113189;18008;3305.1562;768.73;2161
MDA;htc-cmp501;4d_Grid-Problem8.grid;10000;39600;5581;3290;1184664;1184664;769;9.3341;46.24;1398
MDA;htc-cmp501;4d_Grid-Problem8.grid;10000;39600;4825;8747;29490707;29490707;21464;3193.7944;1187.31;4054
MDA;htc-cmp501;4d_Grid-Problem8.grid;10000;39600;3840;7061;28402530;28402530;32909;3450.6551;1143.97;4319
MDA;htc-cmp501;4d_Grid-Problem8.grid;10000;39600;654;2242;390907;390907;2790;1.7486;16.26;782
MDA;htc-cmp501;4d_Grid-Problem8.grid;10000;39600;9339;6846;1321182;1321182;1358;16.1352;53.25;1168
MDA;htc-cmp501;4d_Grid-Problem8.grid;10000;39600;7519;6867;24431318;24431318;8842;3355.1269;986.11;2774
MDA;htc-cmp501;4d_Grid-Problem8.grid;10000;39600;6774;9965;5854572;5854572;3107;230.4210;227.95;2297
MDA;htc-cmp501;4d_Grid-Problem8.grid;10000;39600;7152;5276;5731183;5731183;10054;184.2786;232.17;2804
MDA;htc-cmp501;4d_Grid-Problem8.grid;10000;39600;5939;8807;43737402;43737402;45188;6546.1198;1761.94;4842
MDA;htc-cmp501;4d_Grid-Problem8.grid;10000;39600;3240;4953;723142;723142;2698;6.0892;28.12;1266
MDA;htc-cmp501;4d_Grid-Problem8.grid;10000;39600;7332;4808;11971580;11971580;27640;1022.0256;473.87;2706
MDA;htc-cmp501;4d_Grid-Problem8.grid;10000;39600;6438;7168;6212680;6212680;3222;207.9732;241.99;2503
MDA;htc-cmp501;4d_Grid-Problem8.grid;10000;39600;2562;4738;10634089;10634089;15313;552.6756;428.10;2575
MDA;htc-cmp501;4d_Grid-Problem8.grid;10000;39600;5195;8473;16732850;16732850;15793;1884.7531;670.78;2415
MDA;htc-cmp501;4d_Grid-Problem8.grid;10000;39600;4188;2656;9218255;9218255;10943;567.2854;370.56;2339
MDA;htc-cmp501;4d_Grid-Problem8.grid;10000;39600;4933;3013;3033372;3033372;5803;57.5669;117.63;1990
MDA;htc-cmp501;4d_Grid-Problem8.grid;10000;39600;3421;2232;212860;212860;1317;0.5082;9.08;825
MDA;htc-cmp501;4d_Grid-Problem8.grid;10000;39600;702;2103;18677;18677;73;0.0143;1.66;194
MDA;htc-cmp501;4d_Grid-Problem8.grid;10000;39600;1338;5559;37148172;37148172;44613;6176.0176;1510.75;3441
MDA;htc-cmp501;4d_Grid-Problem8.grid;10000;39600;2167;2634;6039449;6039449;593;151.1286;244.07;2615
MDA;htc-cmp501;4d_Grid-Problem8.grid;10000;39600;7727;5729;507187;507187;421;2.2443;19.87;1027
MDA;htc-cmp501;4d_Grid-Problem8.grid;10000;39600;5827;9944;33729731;33729731;13119;4227.3523;1345.66;4137
MDA;htc-cmp501;4d_Grid-Problem8.grid;10000;39600;9793;8897;5665;5665;106;0.0034;1.17;147
MDA;htc-cmp501;4d_Grid-Problem8.grid;10000;39600;7241;9872;25648722;25648722;22622;3217.3967;1030.91;3462
MDA;htc-cmp501;4d_Grid-Problem8.grid;10000;39600;7121;2415;29604928;29604928;8324;4721.5952;1193.37;3225
MDA;htc-cmp501;4d_Grid-Problem8.grid;10000;39600;5162;1182;41445483;41445483;34561;7175.1254;1653.59;4531
MDA;htc-cmp501;4d_Grid-Problem8.grid;10000;39600;2778;3762;618561;618561;1816;3.0231;25.52;1494
MDA;htc-cmp501;4d_Grid-Problem8.grid;10000;39600;3778;1056;12897757;12897757;26535;948.0316;517.92;2541
MDA;htc-cmp501;4d_Grid-Problem8.grid;10000;39600;9702;9346;8339690;8339690;3888;684.8150;336.28;1326
MDA;htc-cmp501;4d_Grid-Problem9.grid;10000;39600;3228;1334;594875;594875;827;3.0106;23.45;1234
MDA;htc-cmp501;4d_Grid-Problem9.grid;10000;39600;4457;4245;28371;28371;78;0.0391;1.98;389
MDA;htc-cmp501;4d_Grid-Problem8.grid;10000;39600;9921;7261;23652424;23652424;51915;3762.5953;958.95;2061
MDA;htc-cmp501;4d_Grid-Problem9.grid;10000;39600;8534;6028;1572504;1572504;1174;22.0060;60.37;1177
MDA;htc-cmp501;4d_Grid-Problem8.grid;10000;39600;2878;6852;32380803;32380803;51359;4531.1552;1311.52;3115
MDA;htc-cmp501;4d_Grid-Problem9.grid;10000;39600;9111;9904;26877;26877;304;0.0261;1.98;342
MDA;htc-cmp501;4d_Grid-Problem8.grid;10000;39600;4927;5875;46924712;46924712;8265;6710.9318;1928.24;4978
MDA;htc-cmp501;4d_Grid-Problem9.grid;10000;39600;8067;9162;36426;36426;86;0.0347;2.30;431
MDA;htc-cmp501;4d_Grid-Problem9.grid;10000;39600;555;4338;22397893;22397893;19407;2865.1504;911.93;2763
MDA;htc-cmp501;4d_Grid-Problem9.grid;10000;39600;1618;700;445152;445152;1741;1.8563;18.13;1005
MDA;htc-cmp501;4d_Grid-Problem9.grid;10000;39600;4615;1612;2604098;2604098;1084;44.4010;104.28;1961
MDA;htc-cmp501;4d_Grid-Problem9.grid;10000;39600;5669;6542;3632197;3632197;1915;93.5281;140.61;2141
MDA;htc-cmp501;4d_Grid-Problem9.grid;10000;39600;8822;7161;16141783;16141783;36806;2309.6194;648.82;1973
MDA;htc-cmp501;4d_Grid-Problem9.grid;10000;39600;3003;4635;8354368;8354368;14652;923.1853;329.73;1682
MDA;htc-cmp501;4d_Grid-Problem8.grid;10000;39600;7527;3752;35555678;35555678;60378;6561.4538;1439.38;3115
MDA;htc-cmp501;4d_Grid-Problem9.grid;10000;39600;2419;2529;12575;12575;35;0.0073;1.43;347
MDA;htc-cmp501;4d_Grid-Problem9.grid;10000;39600;1750;617;7905529;7905529;4182;391.3727;313.35;2512
MDA;htc-cmp501;4d_Grid-Problem9.grid;10000;39600;8104;8807;3208;3208;29;0.0016;1.09;173
MDA;htc-cmp501;4d_Grid-Problem9.grid;10000;39600;6818;7763;19830715;19830715;6661;2140.2897;790.26;2717
MDA;htc-cmp501;4d_Grid-Problem9.grid;10000;39600;1016;147;2059754;2059754;3871;29.3714;83.94;1265
MDA;htc-cmp501;4d_Grid-Problem9.grid;10000;39600;982;5289;12597725;12597725;8289;1154.1510;512.13;1836
MDA;htc-cmp501;4d_Grid-Problem9.grid;10000;39600;8682;4763;19728025;19728025;30389;2788.4335;801.96;2080
MDA;htc-cmp501;4d_Grid-Problem9.grid;10000;39600;4577;1196;22396099;22396099;22424;1983.7408;909.31;3444
MDA;htc-cmp501;4d_Grid-Problem9.grid;10000;39600;4895;3578;473662;473662;2299;3.2679;18.64;702
MDA;htc-cmp501;4d_Grid-Problem9.grid;10000;39600;2642;6141;8962158;8962158;1513;430.3688;359.28;2998
MDA;htc-cmp501;4d_Grid-Problem9.grid;10000;39600;2801;5802;1483805;1483805;177;19.7117;58.92;1291
MDA;htc-cmp501;4d_Grid-Problem9.grid;10000;39600;8783;8647;4338935;4338935;1713;146.8572;173.28;1354
MDA;htc-cmp501;4d_Grid-Problem9.grid;10000;39600;6987;3592;6402489;6402489;3403;249.8679;253.15;1998
MDA;htc-cmp501;4d_Grid-Problem9.grid;10000;39600;2607;1008;81337;81337;139;0.1268;3.99;567
MDA;htc-cmp501;4d_Grid-Problem9.grid;10000;39600;6250;4065;3409156;3409156;5842;66.8457;134.64;2124
MDA;htc-cmp501;4d_Grid-Problem9.grid;10000;39600;944;5131;30777778;30777778;25609;4649.4563;1234.45;3097
MDA;htc-cmp501;4d_Grid-Problem9.grid;10000;39600;4017;2861;32319009;32319009;13871;6053.1883;1289.59;3325
MDA;htc-cmp501;4d_Grid-Problem9.grid;10000;39600;2612;941;5213406;5213406;13219;216.0620;207.49;1618
MDA;htc-cmp501;4d_Grid-Problem9.grid;10000;39600;5925;7915;971006;971006;1890;7.5119;38.68;1550
MDA;htc-cmp501;4d_Grid-Problem9.grid;10000;39600;4036;3102;6961230;6961230;1822;318.4552;269.66;2717
MDA;htc-cmp501;4d_Grid-Problem9.grid;10000;39600;2815;1935;647415;647415;1326;3.8244;25.78;1048
MDA;htc-cmp501;4d_Grid-Problem9.grid;10000;39600;5123;7045;4835597;4835597;8912;172.9102;189.50;1967
MDA;htc-cmp501;4d_Grid-Problem9.grid;10000;39600;1171;2358;221239;221239;1301;0.5314;9.67;813
MDA;htc-cmp501;4d_Grid-Problem9.grid;10000;39600;5590;5450;11427305;11427305;3362;1029.3179;442.75;2044
MDA;htc-cmp501;4d_Grid-Problem9.grid;10000;39600;4725;6016;101555;101555;494;0.1466;4.90;735
MDA;htc-cmp501;4d_Grid-Problem9.grid;10000;39600;232;2863;20991025;20991025;67602;3371.6532;843.79;2122
MDA;htc-cmp501;4d_Grid-Problem9.grid;10000;39600;2875;1199;5654696;5654696;12647;226.3790;223.46;2041
MDA;htc-cmp501;4d_Grid-Problem9.grid;10000;39600;3804;634;30531843;30531843;57461;6881.3908;1223.36;2796
MDA;htc-cmp501;4d_Grid-Problem9.grid;10000;39600;3860;950;5186255;5186255;6977;146.6837;206.76;2601
MDA;htc-cmp501;4d_Grid-Problem9.grid;10000;39600;8835;3832;28763335;28763335;6884;5460.9523;1143.28;2863
MDA;htc-cmp501;4d_Grid-Problem9.grid;10000;39600;3938;6633;1962963;1962963;986;28.0629;75.48;1678
MDA;htc-cmp501;4d_Grid-Problem9.grid;10000;39600;8954;8076;700249;700249;1045;3.8911;28.15;984
MDA;htc-cmp501;4d_Grid-Problem9.grid;10000;39600;826;1213;30296;30296;152;0.0238;2.10;413
MDA;htc-cmp501;4d_Grid-Problem9.grid;10000;39600;6459;7381;1910267;1910267;1348;19.9588;75.09;1970
MDA;htc-cmp501;4d_Grid-Problem9.grid;10000;39600;3077;3498;661618;661618;340;2.7565;27.43;1453
MDA;htc-cmp501;4d_Grid-Problem9.grid;10000;39600;6387;7440;34993003;34993003;13534;6268.6152;1403.37;3193
MDA;htc-cmp501;4d_Grid-Problem9.grid;10000;39600;2146;4108;32732831;32732831;21948;5280.0331;1310.47;3925
MDA;htc-cmp501;4d_Grid-Problem10.grid;10000;39600;4983;3953;5013408;5013408;7510;125.6554;204.24;2094
MDA;htc-cmp501;4d_Grid-Problem10.grid;10000;39600;6640;5566;3503407;3503407;3487;71.0226;138.17;2101
MDA;htc-cmp501;4d_Grid-Problem9.grid;10000;39600;4578;2146;29837614;29837614;41777;3931.9291;1209.55;3373
MDA;htc-cmp501;4d_Grid-Problem10.grid;10000;39600;3346;5058;725986;725986;1692;4.5378;29.61;1590
MDA;htc-cmp501;4d_Grid-Problem10.grid;10000;39600;4143;2855;366115;366115;918;1.4708;14.95;1134
MDA;htc-cmp501;4d_Grid-Problem9.grid;10000;39600;5915;9638;31533892;31533892;45007;5807.4616;1272.49;3221
MDA;htc-cmp501;4d_Grid-Problem10.grid;10000;39600;9962;8342;1234268;1234268;4127;12.9120;48.72;1087
MDA;htc-cmp501;4d_Grid-Problem9.grid;10000;39600;7148;6204;34587554;34587554;12251;5874.2795;1378.01;4260
MDA;htc-cmp501;4d_Grid-Problem10.grid;10000;39600;8525;5225;3268224;3268224;1083;62.2768;131.91;1799
MDA;htc-cmp501;4d_Grid-Problem10.grid;10000;39600;2109;5126;5748554;5748554;9403;273.0251;225.39;1685
MDA;htc-cmp501;4d_Grid-Problem10.grid;10000;39600;7209;6357;23720395;23720395;5637;3943.5923;946.24;2703
MDA;htc-cmp501;4d_Grid-Problem10.grid;10000;39600;2392;3665;2813993;2813993;4953;56.1256;113.33;1462
MDA;htc-cmp501;4d_Grid-Problem10.grid;10000;39600;2062;534;8749339;8749339;8493;305.5079;366.26;2776
MDA;htc-cmp501;4d_Grid-Problem9.grid;10000;39600;6516;1405;36971667;36971667;11684;6090.3515;1489.27;3247
MDA;htc-cmp501;4d_Grid-Problem10.grid;10000;39600;5175;2880;1271605;1271605;1563;13.6452;49.98;1746
MDA;htc-cmp501;4d_Grid-Problem10.grid;10000;39600;7125;6770;21924649;21924649;5219;2325.9066;890.09;3229
MDA;htc-cmp501;4d_Grid-Problem10.grid;10000;39600;6004;2427;17779195;17779195;49377;2549.6853;703.26;2362
MDA;htc-cmp501;4d_Grid-Problem10.grid;10000;39600;4566;1652;8377265;8377265;6776;542.3144;323.02;2714
MDA;htc-cmp501;4d_Grid-Problem10.grid;10000;39600;6565;9979;16950413;16950413;10233;1290.7518;682.19;3416
MDA;htc-cmp501;4d_Grid-Problem10.grid;10000;39600;2566;3438;3034705;3034705;2888;51.3769;119.45;2044
MDA;htc-cmp501;4d_Grid-Problem10.grid;10000;39600;4276;5298;1579995;1579995;2893;20.2871;63.42;1660
MDA;htc-cmp501;4d_Grid-Problem10.grid;10000;39600;4746;7268;9313049;9313049;11124;539.0280;370.80;3027
MDA;htc-cmp501;4d_Grid-Problem10.grid;10000;39600;7743;7502;13638688;13638688;2717;968.0705;541.19;2904
MDA;htc-cmp501;4d_Grid-Problem10.grid;10000;39600;1598;1880;104309;104309;150;0.1438;4.96;445
MDA;htc-cmp501;4d_Grid-Problem10.grid;10000;39600;1482;6590;27511794;27511794;9283;4496.5069;1101.57;2459
MDA;htc-cmp501;4d_Grid-Problem10.grid;10000;39600;5737;4104;11989399;11989399;14457;656.6747;484.61;3523
MDA;htc-cmp501;4d_Grid-Problem10.grid;10000;39600;7842;8028;27865;27865;64;0.0203;2.00;503
MDA;htc-cmp501;4d_Grid-Problem10.grid;10000;39600;7665;7986;562024;562024;465;1.9601;22.24;1159
MDA;htc-cmp501;4d_Grid-Problem10.grid;10000;39600;8549;4931;19191017;19191017;23135;2129.8615;757.94;2823
MDA;htc-cmp501;4d_Grid-Problem10.grid;10000;39600;8083;4560;15441780;15441780;35111;2562.7840;617.44;2072
MDA;htc-cmp501;4d_Grid-Problem10.grid;10000;39600;5313;9405;14017092;14017092;2047;1061.7879;555.69;2867
MDA;htc-cmp501;4d_Grid-Problem10.grid;10000;39600;3974;8680;39826697;39826697;7489;7103.7350;1617.19;4040
MDA;htc-cmp501;4d_Grid-Problem10.grid;10000;39600;7760;9533;10554512;10554512;12357;759.1777;421.22;2660
MDA;htc-cmp501;4d_Grid-Problem10.grid;10000;39600;8668;9166;1170;1170;15;0.0006;1.00;87
MDA;htc-cmp501;4d_Grid-Problem10.grid;10000;39600;2656;1637;801877;801877;1965;3.9279;32.77;1558
MDA;htc-cmp501;4d_Grid-Problem10.grid;10000;39600;5792;9875;27353888;27353888;16544;4860.0300;1105.15;2992
MDA;htc-cmp501;4d_Grid-Problem10.grid;10000;39600;1904;1712;4793;4793;30;0.0025;1.14;198
MDA;htc-cmp501;4d_Grid-Problem10.grid;10000;39600;1645;4712;31313857;31313857;50511;5188.5497;1256.39;3651
MDA;htc-cmp501;4d_Grid-Problem10.grid;10000;39600;728;4037;5887706;5887706;2865;222.7537;236.46;1767
MDA;htc-cmp501;4d_Grid-Problem10.grid;10000;39600;9690;7873;826436;826436;4428;6.5258;33.45;661
MDA;htc-cmp501;4d_Grid-Problem10.grid;10000;39600;6840;9014;12151510;12151510;16556;828.0407;488.16;2932
MDA;htc-cmp501;4d_Grid-Problem10.grid;10000;39600;2177;6786;31973752;31973752;12825;5052.6168;1290.44;2968
MDA;htc-cmp501;4d_Grid-Problem10.grid;10000;39600;1432;427;30578;30578;91;0.0249;2.10;495
MDA;htc-cmp501;4d_Grid-Problem10.grid;10000;39600;2378;4342;17871515;17871515;22784;1840.3445;717.47;2520
MDA;htc-cmp501;4d_Grid-Problem10.grid;10000;39600;3813;8213;18471386;18471386;7779;1904.7728;736.98;2891
